Date,Strategy,Ticker,Weight
2019-05-01,Equal Weight,AAPL,0.083333
2019-05-01,Equal Weight,MSFT,0.083333
2019-05-01,Equal Weight,GOOGL,0.083333
2019-05-01,Equal Weight,JPM,0.083333
2019-05-01,Equal Weight,JNJ,0.083333
2019-05-01,Equal Weight,PG,0.083333
2019-05-01,Equal Weight,XOM,0.083333
2019-05-01,Equal Weight,CAT,0.083333
2019-05-01,Equal Weight,AMZN,0.083333
2019-05-01,Equal Weight,BRK-B,0.083333
2019-05-01,Equal Weight,LLY,0.083333
2019-05-01,Equal Weight,NEE,0.083333
2019-06-03,Equal Weight,AAPL,0.083333
2019-06-03,Equal Weight,MSFT,0.083333
2019-06-03,Equal Weight,GOOGL,0.083333
2019-06-03,Equal Weight,JPM,0.083333
2019-06-03,Equal Weight,JNJ,0.083333
2019-06-03,Equal Weight,PG,0.083333
2019-06-03,Equal Weight,XOM,0.083333
2019-06-03,Equal Weight,CAT,0.083333
2019-06-03,Equal Weight,AMZN,0.083333
2019-06-03,Equal Weight,BRK-B,0.083333
2019-06-03,Equal Weight,LLY,0.083333
2019-06-03,Equal Weight,NEE,0.083333
2019-07-01,Equal Weight,AAPL,0.083333
2019-07-01,Equal Weight,MSFT,0.083333
2019-07-01,Equal Weight,GOOGL,0.083333
2019-07-01,Equal Weight,JPM,0.083333
2019-07-01,Equal Weight,JNJ,0.083333
2019-07-01,Equal Weight,PG,0.083333
2019-07-01,Equal Weight,XOM,0.083333
2019-07-01,Equal Weight,CAT,0.083333
2019-07-01,Equal Weight,AMZN,0.083333
2019-07-01,Equal Weight,BRK-B,0.083333
2019-07-01,Equal Weight,LLY,0.083333
2019-07-01,Equal Weight,NEE,0.083333
2019-08-01,Equal Weight,AAPL,0.083333
2019-08-01,Equal Weight,MSFT,0.083333
2019-08-01,Equal Weight,GOOGL,0.083333
2019-08-01,Equal Weight,JPM,0.083333
2019-08-01,Equal Weight,JNJ,0.083333
2019-08-01,Equal Weight,PG,0.083333
2019-08-01,Equal Weight,XOM,0.083333
2019-08-01,Equal Weight,CAT,0.083333
2019-08-01,Equal Weight,AMZN,0.083333
2019-08-01,Equal Weight,BRK-B,0.083333
2019-08-01,Equal Weight,LLY,0.083333
2019-08-01,Equal Weight,NEE,0.083333
2019-09-03,Equal Weight,AAPL,0.083333
2019-09-03,Equal Weight,MSFT,0.083333
2019-09-03,Equal Weight,GOOGL,0.083333
2019-09-03,Equal Weight,JPM,0.083333
2019-09-03,Equal Weight,JNJ,0.083333
2019-09-03,Equal Weight,PG,0.083333
2019-09-03,Equal Weight,XOM,0.083333
2019-09-03,Equal Weight,CAT,0.083333
2019-09-03,Equal Weight,AMZN,0.083333
2019-09-03,Equal Weight,BRK-B,0.083333
2019-09-03,Equal Weight,LLY,0.083333
2019-09-03,Equal Weight,NEE,0.083333
2019-10-01,Equal Weight,AAPL,0.083333
2019-10-01,Equal Weight,MSFT,0.083333
2019-10-01,Equal Weight,GOOGL,0.083333
2019-10-01,Equal Weight,JPM,0.083333
2019-10-01,Equal Weight,JNJ,0.083333
2019-10-01,Equal Weight,PG,0.083333
2019-10-01,Equal Weight,XOM,0.083333
2019-10-01,Equal Weight,CAT,0.083333
2019-10-01,Equal Weight,AMZN,0.083333
2019-10-01,Equal Weight,BRK-B,0.083333
2019-10-01,Equal Weight,LLY,0.083333
2019-10-01,Equal Weight,NEE,0.083333
2019-11-01,Equal Weight,AAPL,0.083333
2019-11-01,Equal Weight,MSFT,0.083333
2019-11-01,Equal Weight,GOOGL,0.083333
2019-11-01,Equal Weight,JPM,0.083333
2019-11-01,Equal Weight,JNJ,0.083333
2019-11-01,Equal Weight,PG,0.083333
2019-11-01,Equal Weight,XOM,0.083333
2019-11-01,Equal Weight,CAT,0.083333
2019-11-01,Equal Weight,AMZN,0.083333
2019-11-01,Equal Weight,BRK-B,0.083333
2019-11-01,Equal Weight,LLY,0.083333
2019-11-01,Equal Weight,NEE,0.083333
2019-12-02,Equal Weight,AAPL,0.083333
2019-12-02,Equal Weight,MSFT,0.083333
2019-12-02,Equal Weight,GOOGL,0.083333
2019-12-02,Equal Weight,JPM,0.083333
2019-12-02,Equal Weight,JNJ,0.083333
2019-12-02,Equal Weight,PG,0.083333
2019-12-02,Equal Weight,XOM,0.083333
2019-12-02,Equal Weight,CAT,0.083333
2019-12-02,Equal Weight,AMZN,0.083333
2019-12-02,Equal Weight,BRK-B,0.083333
2019-12-02,Equal Weight,LLY,0.083333
2019-12-02,Equal Weight,NEE,0.083333
2020-01-02,Equal Weight,AAPL,0.083333
2020-01-02,Equal Weight,MSFT,0.083333
2020-01-02,Equal Weight,GOOGL,0.083333
2020-01-02,Equal Weight,JPM,0.083333
2020-01-02,Equal Weight,JNJ,0.083333
2020-01-02,Equal Weight,PG,0.083333
2020-01-02,Equal Weight,XOM,0.083333
2020-01-02,Equal Weight,CAT,0.083333
2020-01-02,Equal Weight,AMZN,0.083333
2020-01-02,Equal Weight,BRK-B,0.083333
2020-01-02,Equal Weight,LLY,0.083333
2020-01-02,Equal Weight,NEE,0.083333
2020-02-03,Equal Weight,AAPL,0.083333
2020-02-03,Equal Weight,MSFT,0.083333
2020-02-03,Equal Weight,GOOGL,0.083333
2020-02-03,Equal Weight,JPM,0.083333
2020-02-03,Equal Weight,JNJ,0.083333
2020-02-03,Equal Weight,PG,0.083333
2020-02-03,Equal Weight,XOM,0.083333
2020-02-03,Equal Weight,CAT,0.083333
2020-02-03,Equal Weight,AMZN,0.083333
2020-02-03,Equal Weight,BRK-B,0.083333
2020-02-03,Equal Weight,LLY,0.083333
2020-02-03,Equal Weight,NEE,0.083333
2020-03-02,Equal Weight,AAPL,0.083333
2020-03-02,Equal Weight,MSFT,0.083333
2020-03-02,Equal Weight,GOOGL,0.083333
2020-03-02,Equal Weight,JPM,0.083333
2020-03-02,Equal Weight,JNJ,0.083333
2020-03-02,Equal Weight,PG,0.083333
2020-03-02,Equal Weight,XOM,0.083333
2020-03-02,Equal Weight,CAT,0.083333
2020-03-02,Equal Weight,AMZN,0.083333
2020-03-02,Equal Weight,BRK-B,0.083333
2020-03-02,Equal Weight,LLY,0.083333
2020-03-02,Equal Weight,NEE,0.083333
2020-04-01,Equal Weight,AAPL,0.083333
2020-04-01,Equal Weight,MSFT,0.083333
2020-04-01,Equal Weight,GOOGL,0.083333
2020-04-01,Equal Weight,JPM,0.083333
2020-04-01,Equal Weight,JNJ,0.083333
2020-04-01,Equal Weight,PG,0.083333
2020-04-01,Equal Weight,XOM,0.083333
2020-04-01,Equal Weight,CAT,0.083333
2020-04-01,Equal Weight,AMZN,0.083333
2020-04-01,Equal Weight,BRK-B,0.083333
2020-04-01,Equal Weight,LLY,0.083333
2020-04-01,Equal Weight,NEE,0.083333
2020-05-01,Equal Weight,AAPL,0.083333
2020-05-01,Equal Weight,MSFT,0.083333
2020-05-01,Equal Weight,GOOGL,0.083333
2020-05-01,Equal Weight,JPM,0.083333
2020-05-01,Equal Weight,JNJ,0.083333
2020-05-01,Equal Weight,PG,0.083333
2020-05-01,Equal Weight,XOM,0.083333
2020-05-01,Equal Weight,CAT,0.083333
2020-05-01,Equal Weight,AMZN,0.083333
2020-05-01,Equal Weight,BRK-B,0.083333
2020-05-01,Equal Weight,LLY,0.083333
2020-05-01,Equal Weight,NEE,0.083333
2020-06-01,Equal Weight,AAPL,0.083333
2020-06-01,Equal Weight,MSFT,0.083333
2020-06-01,Equal Weight,GOOGL,0.083333
2020-06-01,Equal Weight,JPM,0.083333
2020-06-01,Equal Weight,JNJ,0.083333
2020-06-01,Equal Weight,PG,0.083333
2020-06-01,Equal Weight,XOM,0.083333
2020-06-01,Equal Weight,CAT,0.083333
2020-06-01,Equal Weight,AMZN,0.083333
2020-06-01,Equal Weight,BRK-B,0.083333
2020-06-01,Equal Weight,LLY,0.083333
2020-06-01,Equal Weight,NEE,0.083333
2020-07-01,Equal Weight,AAPL,0.083333
2020-07-01,Equal Weight,MSFT,0.083333
2020-07-01,Equal Weight,GOOGL,0.083333
2020-07-01,Equal Weight,JPM,0.083333
2020-07-01,Equal Weight,JNJ,0.083333
2020-07-01,Equal Weight,PG,0.083333
2020-07-01,Equal Weight,XOM,0.083333
2020-07-01,Equal Weight,CAT,0.083333
2020-07-01,Equal Weight,AMZN,0.083333
2020-07-01,Equal Weight,BRK-B,0.083333
2020-07-01,Equal Weight,LLY,0.083333
2020-07-01,Equal Weight,NEE,0.083333
2020-08-03,Equal Weight,AAPL,0.083333
2020-08-03,Equal Weight,MSFT,0.083333
2020-08-03,Equal Weight,GOOGL,0.083333
2020-08-03,Equal Weight,JPM,0.083333
2020-08-03,Equal Weight,JNJ,0.083333
2020-08-03,Equal Weight,PG,0.083333
2020-08-03,Equal Weight,XOM,0.083333
2020-08-03,Equal Weight,CAT,0.083333
2020-08-03,Equal Weight,AMZN,0.083333
2020-08-03,Equal Weight,BRK-B,0.083333
2020-08-03,Equal Weight,LLY,0.083333
2020-08-03,Equal Weight,NEE,0.083333
2020-09-01,Equal Weight,AAPL,0.083333
2020-09-01,Equal Weight,MSFT,0.083333
2020-09-01,Equal Weight,GOOGL,0.083333
2020-09-01,Equal Weight,JPM,0.083333
2020-09-01,Equal Weight,JNJ,0.083333
2020-09-01,Equal Weight,PG,0.083333
2020-09-01,Equal Weight,XOM,0.083333
2020-09-01,Equal Weight,CAT,0.083333
2020-09-01,Equal Weight,AMZN,0.083333
2020-09-01,Equal Weight,BRK-B,0.083333
2020-09-01,Equal Weight,LLY,0.083333
2020-09-01,Equal Weight,NEE,0.083333
2020-10-01,Equal Weight,AAPL,0.083333
2020-10-01,Equal Weight,MSFT,0.083333
2020-10-01,Equal Weight,GOOGL,0.083333
2020-10-01,Equal Weight,JPM,0.083333
2020-10-01,Equal Weight,JNJ,0.083333
2020-10-01,Equal Weight,PG,0.083333
2020-10-01,Equal Weight,XOM,0.083333
2020-10-01,Equal Weight,CAT,0.083333
2020-10-01,Equal Weight,AMZN,0.083333
2020-10-01,Equal Weight,BRK-B,0.083333
2020-10-01,Equal Weight,LLY,0.083333
2020-10-01,Equal Weight,NEE,0.083333
2020-11-02,Equal Weight,AAPL,0.083333
2020-11-02,Equal Weight,MSFT,0.083333
2020-11-02,Equal Weight,GOOGL,0.083333
2020-11-02,Equal Weight,JPM,0.083333
2020-11-02,Equal Weight,JNJ,0.083333
2020-11-02,Equal Weight,PG,0.083333
2020-11-02,Equal Weight,XOM,0.083333
2020-11-02,Equal Weight,CAT,0.083333
2020-11-02,Equal Weight,AMZN,0.083333
2020-11-02,Equal Weight,BRK-B,0.083333
2020-11-02,Equal Weight,LLY,0.083333
2020-11-02,Equal Weight,NEE,0.083333
2020-12-01,Equal Weight,AAPL,0.083333
2020-12-01,Equal Weight,MSFT,0.083333
2020-12-01,Equal Weight,GOOGL,0.083333
2020-12-01,Equal Weight,JPM,0.083333
2020-12-01,Equal Weight,JNJ,0.083333
2020-12-01,Equal Weight,PG,0.083333
2020-12-01,Equal Weight,XOM,0.083333
2020-12-01,Equal Weight,CAT,0.083333
2020-12-01,Equal Weight,AMZN,0.083333
2020-12-01,Equal Weight,BRK-B,0.083333
2020-12-01,Equal Weight,LLY,0.083333
2020-12-01,Equal Weight,NEE,0.083333
2021-01-04,Equal Weight,AAPL,0.083333
2021-01-04,Equal Weight,MSFT,0.083333
2021-01-04,Equal Weight,GOOGL,0.083333
2021-01-04,Equal Weight,JPM,0.083333
2021-01-04,Equal Weight,JNJ,0.083333
2021-01-04,Equal Weight,PG,0.083333
2021-01-04,Equal Weight,XOM,0.083333
2021-01-04,Equal Weight,CAT,0.083333
2021-01-04,Equal Weight,AMZN,0.083333
2021-01-04,Equal Weight,BRK-B,0.083333
2021-01-04,Equal Weight,LLY,0.083333
2021-01-04,Equal Weight,NEE,0.083333
2021-02-01,Equal Weight,AAPL,0.083333
2021-02-01,Equal Weight,MSFT,0.083333
2021-02-01,Equal Weight,GOOGL,0.083333
2021-02-01,Equal Weight,JPM,0.083333
2021-02-01,Equal Weight,JNJ,0.083333
2021-02-01,Equal Weight,PG,0.083333
2021-02-01,Equal Weight,XOM,0.083333
2021-02-01,Equal Weight,CAT,0.083333
2021-02-01,Equal Weight,AMZN,0.083333
2021-02-01,Equal Weight,BRK-B,0.083333
2021-02-01,Equal Weight,LLY,0.083333
2021-02-01,Equal Weight,NEE,0.083333
2021-03-01,Equal Weight,AAPL,0.083333
2021-03-01,Equal Weight,MSFT,0.083333
2021-03-01,Equal Weight,GOOGL,0.083333
2021-03-01,Equal Weight,JPM,0.083333
2021-03-01,Equal Weight,JNJ,0.083333
2021-03-01,Equal Weight,PG,0.083333
2021-03-01,Equal Weight,XOM,0.083333
2021-03-01,Equal Weight,CAT,0.083333
2021-03-01,Equal Weight,AMZN,0.083333
2021-03-01,Equal Weight,BRK-B,0.083333
2021-03-01,Equal Weight,LLY,0.083333
2021-03-01,Equal Weight,NEE,0.083333
2021-04-01,Equal Weight,AAPL,0.083333
2021-04-01,Equal Weight,MSFT,0.083333
2021-04-01,Equal Weight,GOOGL,0.083333
2021-04-01,Equal Weight,JPM,0.083333
2021-04-01,Equal Weight,JNJ,0.083333
2021-04-01,Equal Weight,PG,0.083333
2021-04-01,Equal Weight,XOM,0.083333
2021-04-01,Equal Weight,CAT,0.083333
2021-04-01,Equal Weight,AMZN,0.083333
2021-04-01,Equal Weight,BRK-B,0.083333
2021-04-01,Equal Weight,LLY,0.083333
2021-04-01,Equal Weight,NEE,0.083333
2021-05-03,Equal Weight,AAPL,0.083333
2021-05-03,Equal Weight,MSFT,0.083333
2021-05-03,Equal Weight,GOOGL,0.083333
2021-05-03,Equal Weight,JPM,0.083333
2021-05-03,Equal Weight,JNJ,0.083333
2021-05-03,Equal Weight,PG,0.083333
2021-05-03,Equal Weight,XOM,0.083333
2021-05-03,Equal Weight,CAT,0.083333
2021-05-03,Equal Weight,AMZN,0.083333
2021-05-03,Equal Weight,BRK-B,0.083333
2021-05-03,Equal Weight,LLY,0.083333
2021-05-03,Equal Weight,NEE,0.083333
2021-06-01,Equal Weight,AAPL,0.083333
2021-06-01,Equal Weight,MSFT,0.083333
2021-06-01,Equal Weight,GOOGL,0.083333
2021-06-01,Equal Weight,JPM,0.083333
2021-06-01,Equal Weight,JNJ,0.083333
2021-06-01,Equal Weight,PG,0.083333
2021-06-01,Equal Weight,XOM,0.083333
2021-06-01,Equal Weight,CAT,0.083333
2021-06-01,Equal Weight,AMZN,0.083333
2021-06-01,Equal Weight,BRK-B,0.083333
2021-06-01,Equal Weight,LLY,0.083333
2021-06-01,Equal Weight,NEE,0.083333
2021-07-01,Equal Weight,AAPL,0.083333
2021-07-01,Equal Weight,MSFT,0.083333
2021-07-01,Equal Weight,GOOGL,0.083333
2021-07-01,Equal Weight,JPM,0.083333
2021-07-01,Equal Weight,JNJ,0.083333
2021-07-01,Equal Weight,PG,0.083333
2021-07-01,Equal Weight,XOM,0.083333
2021-07-01,Equal Weight,CAT,0.083333
2021-07-01,Equal Weight,AMZN,0.083333
2021-07-01,Equal Weight,BRK-B,0.083333
2021-07-01,Equal Weight,LLY,0.083333
2021-07-01,Equal Weight,NEE,0.083333
2021-08-02,Equal Weight,AAPL,0.083333
2021-08-02,Equal Weight,MSFT,0.083333
2021-08-02,Equal Weight,GOOGL,0.083333
2021-08-02,Equal Weight,JPM,0.083333
2021-08-02,Equal Weight,JNJ,0.083333
2021-08-02,Equal Weight,PG,0.083333
2021-08-02,Equal Weight,XOM,0.083333
2021-08-02,Equal Weight,CAT,0.083333
2021-08-02,Equal Weight,AMZN,0.083333
2021-08-02,Equal Weight,BRK-B,0.083333
2021-08-02,Equal Weight,LLY,0.083333
2021-08-02,Equal Weight,NEE,0.083333
2021-09-01,Equal Weight,AAPL,0.083333
2021-09-01,Equal Weight,MSFT,0.083333
2021-09-01,Equal Weight,GOOGL,0.083333
2021-09-01,Equal Weight,JPM,0.083333
2021-09-01,Equal Weight,JNJ,0.083333
2021-09-01,Equal Weight,PG,0.083333
2021-09-01,Equal Weight,XOM,0.083333
2021-09-01,Equal Weight,CAT,0.083333
2021-09-01,Equal Weight,AMZN,0.083333
2021-09-01,Equal Weight,BRK-B,0.083333
2021-09-01,Equal Weight,LLY,0.083333
2021-09-01,Equal Weight,NEE,0.083333
2021-10-01,Equal Weight,AAPL,0.083333
2021-10-01,Equal Weight,MSFT,0.083333
2021-10-01,Equal Weight,GOOGL,0.083333
2021-10-01,Equal Weight,JPM,0.083333
2021-10-01,Equal Weight,JNJ,0.083333
2021-10-01,Equal Weight,PG,0.083333
2021-10-01,Equal Weight,XOM,0.083333
2021-10-01,Equal Weight,CAT,0.083333
2021-10-01,Equal Weight,AMZN,0.083333
2021-10-01,Equal Weight,BRK-B,0.083333
2021-10-01,Equal Weight,LLY,0.083333
2021-10-01,Equal Weight,NEE,0.083333
2021-11-01,Equal Weight,AAPL,0.083333
2021-11-01,Equal Weight,MSFT,0.083333
2021-11-01,Equal Weight,GOOGL,0.083333
2021-11-01,Equal Weight,JPM,0.083333
2021-11-01,Equal Weight,JNJ,0.083333
2021-11-01,Equal Weight,PG,0.083333
2021-11-01,Equal Weight,XOM,0.083333
2021-11-01,Equal Weight,CAT,0.083333
2021-11-01,Equal Weight,AMZN,0.083333
2021-11-01,Equal Weight,BRK-B,0.083333
2021-11-01,Equal Weight,LLY,0.083333
2021-11-01,Equal Weight,NEE,0.083333
2021-12-01,Equal Weight,AAPL,0.083333
2021-12-01,Equal Weight,MSFT,0.083333
2021-12-01,Equal Weight,GOOGL,0.083333
2021-12-01,Equal Weight,JPM,0.083333
2021-12-01,Equal Weight,JNJ,0.083333
2021-12-01,Equal Weight,PG,0.083333
2021-12-01,Equal Weight,XOM,0.083333
2021-12-01,Equal Weight,CAT,0.083333
2021-12-01,Equal Weight,AMZN,0.083333
2021-12-01,Equal Weight,BRK-B,0.083333
2021-12-01,Equal Weight,LLY,0.083333
2021-12-01,Equal Weight,NEE,0.083333
2022-01-03,Equal Weight,AAPL,0.083333
2022-01-03,Equal Weight,MSFT,0.083333
2022-01-03,Equal Weight,GOOGL,0.083333
2022-01-03,Equal Weight,JPM,0.083333
2022-01-03,Equal Weight,JNJ,0.083333
2022-01-03,Equal Weight,PG,0.083333
2022-01-03,Equal Weight,XOM,0.083333
2022-01-03,Equal Weight,CAT,0.083333
2022-01-03,Equal Weight,AMZN,0.083333
2022-01-03,Equal Weight,BRK-B,0.083333
2022-01-03,Equal Weight,LLY,0.083333
2022-01-03,Equal Weight,NEE,0.083333
2022-02-01,Equal Weight,AAPL,0.083333
2022-02-01,Equal Weight,MSFT,0.083333
2022-02-01,Equal Weight,GOOGL,0.083333
2022-02-01,Equal Weight,JPM,0.083333
2022-02-01,Equal Weight,JNJ,0.083333
2022-02-01,Equal Weight,PG,0.083333
2022-02-01,Equal Weight,XOM,0.083333
2022-02-01,Equal Weight,CAT,0.083333
2022-02-01,Equal Weight,AMZN,0.083333
2022-02-01,Equal Weight,BRK-B,0.083333
2022-02-01,Equal Weight,LLY,0.083333
2022-02-01,Equal Weight,NEE,0.083333
2022-03-01,Equal Weight,AAPL,0.083333
2022-03-01,Equal Weight,MSFT,0.083333
2022-03-01,Equal Weight,GOOGL,0.083333
2022-03-01,Equal Weight,JPM,0.083333
2022-03-01,Equal Weight,JNJ,0.083333
2022-03-01,Equal Weight,PG,0.083333
2022-03-01,Equal Weight,XOM,0.083333
2022-03-01,Equal Weight,CAT,0.083333
2022-03-01,Equal Weight,AMZN,0.083333
2022-03-01,Equal Weight,BRK-B,0.083333
2022-03-01,Equal Weight,LLY,0.083333
2022-03-01,Equal Weight,NEE,0.083333
2022-04-01,Equal Weight,AAPL,0.083333
2022-04-01,Equal Weight,MSFT,0.083333
2022-04-01,Equal Weight,GOOGL,0.083333
2022-04-01,Equal Weight,JPM,0.083333
2022-04-01,Equal Weight,JNJ,0.083333
2022-04-01,Equal Weight,PG,0.083333
2022-04-01,Equal Weight,XOM,0.083333
2022-04-01,Equal Weight,CAT,0.083333
2022-04-01,Equal Weight,AMZN,0.083333
2022-04-01,Equal Weight,BRK-B,0.083333
2022-04-01,Equal Weight,LLY,0.083333
2022-04-01,Equal Weight,NEE,0.083333
2022-05-02,Equal Weight,AAPL,0.083333
2022-05-02,Equal Weight,MSFT,0.083333
2022-05-02,Equal Weight,GOOGL,0.083333
2022-05-02,Equal Weight,JPM,0.083333
2022-05-02,Equal Weight,JNJ,0.083333
2022-05-02,Equal Weight,PG,0.083333
2022-05-02,Equal Weight,XOM,0.083333
2022-05-02,Equal Weight,CAT,0.083333
2022-05-02,Equal Weight,AMZN,0.083333
2022-05-02,Equal Weight,BRK-B,0.083333
2022-05-02,Equal Weight,LLY,0.083333
2022-05-02,Equal Weight,NEE,0.083333
2022-06-01,Equal Weight,AAPL,0.083333
2022-06-01,Equal Weight,MSFT,0.083333
2022-06-01,Equal Weight,GOOGL,0.083333
2022-06-01,Equal Weight,JPM,0.083333
2022-06-01,Equal Weight,JNJ,0.083333
2022-06-01,Equal Weight,PG,0.083333
2022-06-01,Equal Weight,XOM,0.083333
2022-06-01,Equal Weight,CAT,0.083333
2022-06-01,Equal Weight,AMZN,0.083333
2022-06-01,Equal Weight,BRK-B,0.083333
2022-06-01,Equal Weight,LLY,0.083333
2022-06-01,Equal Weight,NEE,0.083333
2022-07-01,Equal Weight,AAPL,0.083333
2022-07-01,Equal Weight,MSFT,0.083333
2022-07-01,Equal Weight,GOOGL,0.083333
2022-07-01,Equal Weight,JPM,0.083333
2022-07-01,Equal Weight,JNJ,0.083333
2022-07-01,Equal Weight,PG,0.083333
2022-07-01,Equal Weight,XOM,0.083333
2022-07-01,Equal Weight,CAT,0.083333
2022-07-01,Equal Weight,AMZN,0.083333
2022-07-01,Equal Weight,BRK-B,0.083333
2022-07-01,Equal Weight,LLY,0.083333
2022-07-01,Equal Weight,NEE,0.083333
2022-08-01,Equal Weight,AAPL,0.083333
2022-08-01,Equal Weight,MSFT,0.083333
2022-08-01,Equal Weight,GOOGL,0.083333
2022-08-01,Equal Weight,JPM,0.083333
2022-08-01,Equal Weight,JNJ,0.083333
2022-08-01,Equal Weight,PG,0.083333
2022-08-01,Equal Weight,XOM,0.083333
2022-08-01,Equal Weight,CAT,0.083333
2022-08-01,Equal Weight,AMZN,0.083333
2022-08-01,Equal Weight,BRK-B,0.083333
2022-08-01,Equal Weight,LLY,0.083333
2022-08-01,Equal Weight,NEE,0.083333
2022-09-01,Equal Weight,AAPL,0.083333
2022-09-01,Equal Weight,MSFT,0.083333
2022-09-01,Equal Weight,GOOGL,0.083333
2022-09-01,Equal Weight,JPM,0.083333
2022-09-01,Equal Weight,JNJ,0.083333
2022-09-01,Equal Weight,PG,0.083333
2022-09-01,Equal Weight,XOM,0.083333
2022-09-01,Equal Weight,CAT,0.083333
2022-09-01,Equal Weight,AMZN,0.083333
2022-09-01,Equal Weight,BRK-B,0.083333
2022-09-01,Equal Weight,LLY,0.083333
2022-09-01,Equal Weight,NEE,0.083333
2022-10-03,Equal Weight,AAPL,0.083333
2022-10-03,Equal Weight,MSFT,0.083333
2022-10-03,Equal Weight,GOOGL,0.083333
2022-10-03,Equal Weight,JPM,0.083333
2022-10-03,Equal Weight,JNJ,0.083333
2022-10-03,Equal Weight,PG,0.083333
2022-10-03,Equal Weight,XOM,0.083333
2022-10-03,Equal Weight,CAT,0.083333
2022-10-03,Equal Weight,AMZN,0.083333
2022-10-03,Equal Weight,BRK-B,0.083333
2022-10-03,Equal Weight,LLY,0.083333
2022-10-03,Equal Weight,NEE,0.083333
2022-11-01,Equal Weight,AAPL,0.083333
2022-11-01,Equal Weight,MSFT,0.083333
2022-11-01,Equal Weight,GOOGL,0.083333
2022-11-01,Equal Weight,JPM,0.083333
2022-11-01,Equal Weight,JNJ,0.083333
2022-11-01,Equal Weight,PG,0.083333
2022-11-01,Equal Weight,XOM,0.083333
2022-11-01,Equal Weight,CAT,0.083333
2022-11-01,Equal Weight,AMZN,0.083333
2022-11-01,Equal Weight,BRK-B,0.083333
2022-11-01,Equal Weight,LLY,0.083333
2022-11-01,Equal Weight,NEE,0.083333
2022-12-01,Equal Weight,AAPL,0.083333
2022-12-01,Equal Weight,MSFT,0.083333
2022-12-01,Equal Weight,GOOGL,0.083333
2022-12-01,Equal Weight,JPM,0.083333
2022-12-01,Equal Weight,JNJ,0.083333
2022-12-01,Equal Weight,PG,0.083333
2022-12-01,Equal Weight,XOM,0.083333
2022-12-01,Equal Weight,CAT,0.083333
2022-12-01,Equal Weight,AMZN,0.083333
2022-12-01,Equal Weight,BRK-B,0.083333
2022-12-01,Equal Weight,LLY,0.083333
2022-12-01,Equal Weight,NEE,0.083333
2023-01-03,Equal Weight,AAPL,0.083333
2023-01-03,Equal Weight,MSFT,0.083333
2023-01-03,Equal Weight,GOOGL,0.083333
2023-01-03,Equal Weight,JPM,0.083333
2023-01-03,Equal Weight,JNJ,0.083333
2023-01-03,Equal Weight,PG,0.083333
2023-01-03,Equal Weight,XOM,0.083333
2023-01-03,Equal Weight,CAT,0.083333
2023-01-03,Equal Weight,AMZN,0.083333
2023-01-03,Equal Weight,BRK-B,0.083333
2023-01-03,Equal Weight,LLY,0.083333
2023-01-03,Equal Weight,NEE,0.083333
2023-02-01,Equal Weight,AAPL,0.083333
2023-02-01,Equal Weight,MSFT,0.083333
2023-02-01,Equal Weight,GOOGL,0.083333
2023-02-01,Equal Weight,JPM,0.083333
2023-02-01,Equal Weight,JNJ,0.083333
2023-02-01,Equal Weight,PG,0.083333
2023-02-01,Equal Weight,XOM,0.083333
2023-02-01,Equal Weight,CAT,0.083333
2023-02-01,Equal Weight,AMZN,0.083333
2023-02-01,Equal Weight,BRK-B,0.083333
2023-02-01,Equal Weight,LLY,0.083333
2023-02-01,Equal Weight,NEE,0.083333
2023-03-01,Equal Weight,AAPL,0.083333
2023-03-01,Equal Weight,MSFT,0.083333
2023-03-01,Equal Weight,GOOGL,0.083333
2023-03-01,Equal Weight,JPM,0.083333
2023-03-01,Equal Weight,JNJ,0.083333
2023-03-01,Equal Weight,PG,0.083333
2023-03-01,Equal Weight,XOM,0.083333
2023-03-01,Equal Weight,CAT,0.083333
2023-03-01,Equal Weight,AMZN,0.083333
2023-03-01,Equal Weight,BRK-B,0.083333
2023-03-01,Equal Weight,LLY,0.083333
2023-03-01,Equal Weight,NEE,0.083333
2023-04-03,Equal Weight,AAPL,0.083333
2023-04-03,Equal Weight,MSFT,0.083333
2023-04-03,Equal Weight,GOOGL,0.083333
2023-04-03,Equal Weight,JPM,0.083333
2023-04-03,Equal Weight,JNJ,0.083333
2023-04-03,Equal Weight,PG,0.083333
2023-04-03,Equal Weight,XOM,0.083333
2023-04-03,Equal Weight,CAT,0.083333
2023-04-03,Equal Weight,AMZN,0.083333
2023-04-03,Equal Weight,BRK-B,0.083333
2023-04-03,Equal Weight,LLY,0.083333
2023-04-03,Equal Weight,NEE,0.083333
2023-05-01,Equal Weight,AAPL,0.083333
2023-05-01,Equal Weight,MSFT,0.083333
2023-05-01,Equal Weight,GOOGL,0.083333
2023-05-01,Equal Weight,JPM,0.083333
2023-05-01,Equal Weight,JNJ,0.083333
2023-05-01,Equal Weight,PG,0.083333
2023-05-01,Equal Weight,XOM,0.083333
2023-05-01,Equal Weight,CAT,0.083333
2023-05-01,Equal Weight,AMZN,0.083333
2023-05-01,Equal Weight,BRK-B,0.083333
2023-05-01,Equal Weight,LLY,0.083333
2023-05-01,Equal Weight,NEE,0.083333
2023-06-01,Equal Weight,AAPL,0.083333
2023-06-01,Equal Weight,MSFT,0.083333
2023-06-01,Equal Weight,GOOGL,0.083333
2023-06-01,Equal Weight,JPM,0.083333
2023-06-01,Equal Weight,JNJ,0.083333
2023-06-01,Equal Weight,PG,0.083333
2023-06-01,Equal Weight,XOM,0.083333
2023-06-01,Equal Weight,CAT,0.083333
2023-06-01,Equal Weight,AMZN,0.083333
2023-06-01,Equal Weight,BRK-B,0.083333
2023-06-01,Equal Weight,LLY,0.083333
2023-06-01,Equal Weight,NEE,0.083333
2023-07-03,Equal Weight,AAPL,0.083333
2023-07-03,Equal Weight,MSFT,0.083333
2023-07-03,Equal Weight,GOOGL,0.083333
2023-07-03,Equal Weight,JPM,0.083333
2023-07-03,Equal Weight,JNJ,0.083333
2023-07-03,Equal Weight,PG,0.083333
2023-07-03,Equal Weight,XOM,0.083333
2023-07-03,Equal Weight,CAT,0.083333
2023-07-03,Equal Weight,AMZN,0.083333
2023-07-03,Equal Weight,BRK-B,0.083333
2023-07-03,Equal Weight,LLY,0.083333
2023-07-03,Equal Weight,NEE,0.083333
2023-08-01,Equal Weight,AAPL,0.083333
2023-08-01,Equal Weight,MSFT,0.083333
2023-08-01,Equal Weight,GOOGL,0.083333
2023-08-01,Equal Weight,JPM,0.083333
2023-08-01,Equal Weight,JNJ,0.083333
2023-08-01,Equal Weight,PG,0.083333
2023-08-01,Equal Weight,XOM,0.083333
2023-08-01,Equal Weight,CAT,0.083333
2023-08-01,Equal Weight,AMZN,0.083333
2023-08-01,Equal Weight,BRK-B,0.083333
2023-08-01,Equal Weight,LLY,0.083333
2023-08-01,Equal Weight,NEE,0.083333
2023-09-01,Equal Weight,AAPL,0.083333
2023-09-01,Equal Weight,MSFT,0.083333
2023-09-01,Equal Weight,GOOGL,0.083333
2023-09-01,Equal Weight,JPM,0.083333
2023-09-01,Equal Weight,JNJ,0.083333
2023-09-01,Equal Weight,PG,0.083333
2023-09-01,Equal Weight,XOM,0.083333
2023-09-01,Equal Weight,CAT,0.083333
2023-09-01,Equal Weight,AMZN,0.083333
2023-09-01,Equal Weight,BRK-B,0.083333
2023-09-01,Equal Weight,LLY,0.083333
2023-09-01,Equal Weight,NEE,0.083333
2023-10-02,Equal Weight,AAPL,0.083333
2023-10-02,Equal Weight,MSFT,0.083333
2023-10-02,Equal Weight,GOOGL,0.083333
2023-10-02,Equal Weight,JPM,0.083333
2023-10-02,Equal Weight,JNJ,0.083333
2023-10-02,Equal Weight,PG,0.083333
2023-10-02,Equal Weight,XOM,0.083333
2023-10-02,Equal Weight,CAT,0.083333
2023-10-02,Equal Weight,AMZN,0.083333
2023-10-02,Equal Weight,BRK-B,0.083333
2023-10-02,Equal Weight,LLY,0.083333
2023-10-02,Equal Weight,NEE,0.083333
2023-11-01,Equal Weight,AAPL,0.083333
2023-11-01,Equal Weight,MSFT,0.083333
2023-11-01,Equal Weight,GOOGL,0.083333
2023-11-01,Equal Weight,JPM,0.083333
2023-11-01,Equal Weight,JNJ,0.083333
2023-11-01,Equal Weight,PG,0.083333
2023-11-01,Equal Weight,XOM,0.083333
2023-11-01,Equal Weight,CAT,0.083333
2023-11-01,Equal Weight,AMZN,0.083333
2023-11-01,Equal Weight,BRK-B,0.083333
2023-11-01,Equal Weight,LLY,0.083333
2023-11-01,Equal Weight,NEE,0.083333
2023-12-01,Equal Weight,AAPL,0.083333
2023-12-01,Equal Weight,MSFT,0.083333
2023-12-01,Equal Weight,GOOGL,0.083333
2023-12-01,Equal Weight,JPM,0.083333
2023-12-01,Equal Weight,JNJ,0.083333
2023-12-01,Equal Weight,PG,0.083333
2023-12-01,Equal Weight,XOM,0.083333
2023-12-01,Equal Weight,CAT,0.083333
2023-12-01,Equal Weight,AMZN,0.083333
2023-12-01,Equal Weight,BRK-B,0.083333
2023-12-01,Equal Weight,LLY,0.083333
2023-12-01,Equal Weight,NEE,0.083333
2024-01-02,Equal Weight,AAPL,0.083333
2024-01-02,Equal Weight,MSFT,0.083333
2024-01-02,Equal Weight,GOOGL,0.083333
2024-01-02,Equal Weight,JPM,0.083333
2024-01-02,Equal Weight,JNJ,0.083333
2024-01-02,Equal Weight,PG,0.083333
2024-01-02,Equal Weight,XOM,0.083333
2024-01-02,Equal Weight,CAT,0.083333
2024-01-02,Equal Weight,AMZN,0.083333
2024-01-02,Equal Weight,BRK-B,0.083333
2024-01-02,Equal Weight,LLY,0.083333
2024-01-02,Equal Weight,NEE,0.083333
2024-02-01,Equal Weight,AAPL,0.083333
2024-02-01,Equal Weight,MSFT,0.083333
2024-02-01,Equal Weight,GOOGL,0.083333
2024-02-01,Equal Weight,JPM,0.083333
2024-02-01,Equal Weight,JNJ,0.083333
2024-02-01,Equal Weight,PG,0.083333
2024-02-01,Equal Weight,XOM,0.083333
2024-02-01,Equal Weight,CAT,0.083333
2024-02-01,Equal Weight,AMZN,0.083333
2024-02-01,Equal Weight,BRK-B,0.083333
2024-02-01,Equal Weight,LLY,0.083333
2024-02-01,Equal Weight,NEE,0.083333
2024-03-01,Equal Weight,AAPL,0.083333
2024-03-01,Equal Weight,MSFT,0.083333
2024-03-01,Equal Weight,GOOGL,0.083333
2024-03-01,Equal Weight,JPM,0.083333
2024-03-01,Equal Weight,JNJ,0.083333
2024-03-01,Equal Weight,PG,0.083333
2024-03-01,Equal Weight,XOM,0.083333
2024-03-01,Equal Weight,CAT,0.083333
2024-03-01,Equal Weight,AMZN,0.083333
2024-03-01,Equal Weight,BRK-B,0.083333
2024-03-01,Equal Weight,LLY,0.083333
2024-03-01,Equal Weight,NEE,0.083333
2024-04-01,Equal Weight,AAPL,0.083333
2024-04-01,Equal Weight,MSFT,0.083333
2024-04-01,Equal Weight,GOOGL,0.083333
2024-04-01,Equal Weight,JPM,0.083333
2024-04-01,Equal Weight,JNJ,0.083333
2024-04-01,Equal Weight,PG,0.083333
2024-04-01,Equal Weight,XOM,0.083333
2024-04-01,Equal Weight,CAT,0.083333
2024-04-01,Equal Weight,AMZN,0.083333
2024-04-01,Equal Weight,BRK-B,0.083333
2024-04-01,Equal Weight,LLY,0.083333
2024-04-01,Equal Weight,NEE,0.083333
2024-05-01,Equal Weight,AAPL,0.083333
2024-05-01,Equal Weight,MSFT,0.083333
2024-05-01,Equal Weight,GOOGL,0.083333
2024-05-01,Equal Weight,JPM,0.083333
2024-05-01,Equal Weight,JNJ,0.083333
2024-05-01,Equal Weight,PG,0.083333
2024-05-01,Equal Weight,XOM,0.083333
2024-05-01,Equal Weight,CAT,0.083333
2024-05-01,Equal Weight,AMZN,0.083333
2024-05-01,Equal Weight,BRK-B,0.083333
2024-05-01,Equal Weight,LLY,0.083333
2024-05-01,Equal Weight,NEE,0.083333
2024-06-03,Equal Weight,AAPL,0.083333
2024-06-03,Equal Weight,MSFT,0.083333
2024-06-03,Equal Weight,GOOGL,0.083333
2024-06-03,Equal Weight,JPM,0.083333
2024-06-03,Equal Weight,JNJ,0.083333
2024-06-03,Equal Weight,PG,0.083333
2024-06-03,Equal Weight,XOM,0.083333
2024-06-03,Equal Weight,CAT,0.083333
2024-06-03,Equal Weight,AMZN,0.083333
2024-06-03,Equal Weight,BRK-B,0.083333
2024-06-03,Equal Weight,LLY,0.083333
2024-06-03,Equal Weight,NEE,0.083333
2024-07-01,Equal Weight,AAPL,0.083333
2024-07-01,Equal Weight,MSFT,0.083333
2024-07-01,Equal Weight,GOOGL,0.083333
2024-07-01,Equal Weight,JPM,0.083333
2024-07-01,Equal Weight,JNJ,0.083333
2024-07-01,Equal Weight,PG,0.083333
2024-07-01,Equal Weight,XOM,0.083333
2024-07-01,Equal Weight,CAT,0.083333
2024-07-01,Equal Weight,AMZN,0.083333
2024-07-01,Equal Weight,BRK-B,0.083333
2024-07-01,Equal Weight,LLY,0.083333
2024-07-01,Equal Weight,NEE,0.083333
2024-08-01,Equal Weight,AAPL,0.083333
2024-08-01,Equal Weight,MSFT,0.083333
2024-08-01,Equal Weight,GOOGL,0.083333
2024-08-01,Equal Weight,JPM,0.083333
2024-08-01,Equal Weight,JNJ,0.083333
2024-08-01,Equal Weight,PG,0.083333
2024-08-01,Equal Weight,XOM,0.083333
2024-08-01,Equal Weight,CAT,0.083333
2024-08-01,Equal Weight,AMZN,0.083333
2024-08-01,Equal Weight,BRK-B,0.083333
2024-08-01,Equal Weight,LLY,0.083333
2024-08-01,Equal Weight,NEE,0.083333
2024-09-03,Equal Weight,AAPL,0.083333
2024-09-03,Equal Weight,MSFT,0.083333
2024-09-03,Equal Weight,GOOGL,0.083333
2024-09-03,Equal Weight,JPM,0.083333
2024-09-03,Equal Weight,JNJ,0.083333
2024-09-03,Equal Weight,PG,0.083333
2024-09-03,Equal Weight,XOM,0.083333
2024-09-03,Equal Weight,CAT,0.083333
2024-09-03,Equal Weight,AMZN,0.083333
2024-09-03,Equal Weight,BRK-B,0.083333
2024-09-03,Equal Weight,LLY,0.083333
2024-09-03,Equal Weight,NEE,0.083333
2024-10-01,Equal Weight,AAPL,0.083333
2024-10-01,Equal Weight,MSFT,0.083333
2024-10-01,Equal Weight,GOOGL,0.083333
2024-10-01,Equal Weight,JPM,0.083333
2024-10-01,Equal Weight,JNJ,0.083333
2024-10-01,Equal Weight,PG,0.083333
2024-10-01,Equal Weight,XOM,0.083333
2024-10-01,Equal Weight,CAT,0.083333
2024-10-01,Equal Weight,AMZN,0.083333
2024-10-01,Equal Weight,BRK-B,0.083333
2024-10-01,Equal Weight,LLY,0.083333
2024-10-01,Equal Weight,NEE,0.083333
2024-11-01,Equal Weight,AAPL,0.083333
2024-11-01,Equal Weight,MSFT,0.083333
2024-11-01,Equal Weight,GOOGL,0.083333
2024-11-01,Equal Weight,JPM,0.083333
2024-11-01,Equal Weight,JNJ,0.083333
2024-11-01,Equal Weight,PG,0.083333
2024-11-01,Equal Weight,XOM,0.083333
2024-11-01,Equal Weight,CAT,0.083333
2024-11-01,Equal Weight,AMZN,0.083333
2024-11-01,Equal Weight,BRK-B,0.083333
2024-11-01,Equal Weight,LLY,0.083333
2024-11-01,Equal Weight,NEE,0.083333
2024-12-02,Equal Weight,AAPL,0.083333
2024-12-02,Equal Weight,MSFT,0.083333
2024-12-02,Equal Weight,GOOGL,0.083333
2024-12-02,Equal Weight,JPM,0.083333
2024-12-02,Equal Weight,JNJ,0.083333
2024-12-02,Equal Weight,PG,0.083333
2024-12-02,Equal Weight,XOM,0.083333
2024-12-02,Equal Weight,CAT,0.083333
2024-12-02,Equal Weight,AMZN,0.083333
2024-12-02,Equal Weight,BRK-B,0.083333
2024-12-02,Equal Weight,LLY,0.083333
2024-12-02,Equal Weight,NEE,0.083333
2019-05-01,Minimum Variance,AAPL,0.0
2019-05-01,Minimum Variance,MSFT,0.0
2019-05-01,Minimum Variance,GOOGL,0.0
2019-05-01,Minimum Variance,JPM,0.196586
2019-05-01,Minimum Variance,JNJ,0.178052
2019-05-01,Minimum Variance,PG,0.11693
2019-05-01,Minimum Variance,XOM,0.101472
2019-05-01,Minimum Variance,CAT,0.0
2019-05-01,Minimum Variance,AMZN,0.0
2019-05-01,Minimum Variance,BRK-B,0.0
2019-05-01,Minimum Variance,LLY,0.067033
2019-05-01,Minimum Variance,NEE,0.339928
2019-06-03,Minimum Variance,AAPL,0.0
2019-06-03,Minimum Variance,MSFT,0.0
2019-06-03,Minimum Variance,GOOGL,0.0
2019-06-03,Minimum Variance,JPM,0.217315
2019-06-03,Minimum Variance,JNJ,0.111173
2019-06-03,Minimum Variance,PG,0.095515
2019-06-03,Minimum Variance,XOM,0.088931
2019-06-03,Minimum Variance,CAT,0.0
2019-06-03,Minimum Variance,AMZN,0.0
2019-06-03,Minimum Variance,BRK-B,0.002917
2019-06-03,Minimum Variance,LLY,0.110381
2019-06-03,Minimum Variance,NEE,0.373768
2019-07-01,Minimum Variance,AAPL,0.0
2019-07-01,Minimum Variance,MSFT,0.0
2019-07-01,Minimum Variance,GOOGL,0.002159
2019-07-01,Minimum Variance,JPM,0.199325
2019-07-01,Minimum Variance,JNJ,0.118939
2019-07-01,Minimum Variance,PG,0.092573
2019-07-01,Minimum Variance,XOM,0.101351
2019-07-01,Minimum Variance,CAT,0.0
2019-07-01,Minimum Variance,AMZN,0.0
2019-07-01,Minimum Variance,BRK-B,0.033571
2019-07-01,Minimum Variance,LLY,0.088179
2019-07-01,Minimum Variance,NEE,0.363903
2019-08-01,Minimum Variance,AAPL,0.0
2019-08-01,Minimum Variance,MSFT,0.0
2019-08-01,Minimum Variance,GOOGL,0.0
2019-08-01,Minimum Variance,JPM,0.216558
2019-08-01,Minimum Variance,JNJ,0.077089
2019-08-01,Minimum Variance,PG,0.107746
2019-08-01,Minimum Variance,XOM,0.123617
2019-08-01,Minimum Variance,CAT,0.0
2019-08-01,Minimum Variance,AMZN,0.0
2019-08-01,Minimum Variance,BRK-B,0.035269
2019-08-01,Minimum Variance,LLY,0.090725
2019-08-01,Minimum Variance,NEE,0.348996
2019-09-03,Minimum Variance,AAPL,0.0
2019-09-03,Minimum Variance,MSFT,0.0
2019-09-03,Minimum Variance,GOOGL,0.0
2019-09-03,Minimum Variance,JPM,0.146474
2019-09-03,Minimum Variance,JNJ,0.133188
2019-09-03,Minimum Variance,PG,0.069311
2019-09-03,Minimum Variance,XOM,0.08359
2019-09-03,Minimum Variance,CAT,0.0
2019-09-03,Minimum Variance,AMZN,0.0
2019-09-03,Minimum Variance,BRK-B,0.09797
2019-09-03,Minimum Variance,LLY,0.02261
2019-09-03,Minimum Variance,NEE,0.446856
2019-10-01,Minimum Variance,AAPL,0.0
2019-10-01,Minimum Variance,MSFT,0.0
2019-10-01,Minimum Variance,GOOGL,0.0
2019-10-01,Minimum Variance,JPM,0.150036
2019-10-01,Minimum Variance,JNJ,0.131777
2019-10-01,Minimum Variance,PG,0.065858
2019-10-01,Minimum Variance,XOM,0.105536
2019-10-01,Minimum Variance,CAT,0.0
2019-10-01,Minimum Variance,AMZN,0.0
2019-10-01,Minimum Variance,BRK-B,0.096785
2019-10-01,Minimum Variance,LLY,0.024547
2019-10-01,Minimum Variance,NEE,0.425462
2019-11-01,Minimum Variance,AAPL,0.0
2019-11-01,Minimum Variance,MSFT,0.0
2019-11-01,Minimum Variance,GOOGL,0.0
2019-11-01,Minimum Variance,JPM,0.125371
2019-11-01,Minimum Variance,JNJ,0.139628
2019-11-01,Minimum Variance,PG,0.052622
2019-11-01,Minimum Variance,XOM,0.089607
2019-11-01,Minimum Variance,CAT,0.0
2019-11-01,Minimum Variance,AMZN,0.0
2019-11-01,Minimum Variance,BRK-B,0.136986
2019-11-01,Minimum Variance,LLY,0.028796
2019-11-01,Minimum Variance,NEE,0.42699
2019-12-02,Minimum Variance,AAPL,0.0
2019-12-02,Minimum Variance,MSFT,0.0
2019-12-02,Minimum Variance,GOOGL,0.0
2019-12-02,Minimum Variance,JPM,0.115788
2019-12-02,Minimum Variance,JNJ,0.132607
2019-12-02,Minimum Variance,PG,0.038895
2019-12-02,Minimum Variance,XOM,0.104929
2019-12-02,Minimum Variance,CAT,0.0
2019-12-02,Minimum Variance,AMZN,0.0
2019-12-02,Minimum Variance,BRK-B,0.161391
2019-12-02,Minimum Variance,LLY,0.03464
2019-12-02,Minimum Variance,NEE,0.41175
2020-01-02,Minimum Variance,AAPL,0.0
2020-01-02,Minimum Variance,MSFT,0.0
2020-01-02,Minimum Variance,GOOGL,0.0
2020-01-02,Minimum Variance,JPM,0.105698
2020-01-02,Minimum Variance,JNJ,0.134754
2020-01-02,Minimum Variance,PG,0.048492
2020-01-02,Minimum Variance,XOM,0.107166
2020-01-02,Minimum Variance,CAT,0.0
2020-01-02,Minimum Variance,AMZN,0.0
2020-01-02,Minimum Variance,BRK-B,0.166322
2020-01-02,Minimum Variance,LLY,0.034891
2020-01-02,Minimum Variance,NEE,0.402677
2020-02-03,Minimum Variance,AAPL,0.0
2020-02-03,Minimum Variance,MSFT,0.0
2020-02-03,Minimum Variance,GOOGL,0.0
2020-02-03,Minimum Variance,JPM,0.104956
2020-02-03,Minimum Variance,JNJ,0.151312
2020-02-03,Minimum Variance,PG,0.050142
2020-02-03,Minimum Variance,XOM,0.091369
2020-02-03,Minimum Variance,CAT,0.0
2020-02-03,Minimum Variance,AMZN,0.019013
2020-02-03,Minimum Variance,BRK-B,0.154271
2020-02-03,Minimum Variance,LLY,0.0279
2020-02-03,Minimum Variance,NEE,0.401037
2020-03-02,Minimum Variance,AAPL,0.0
2020-03-02,Minimum Variance,MSFT,0.0
2020-03-02,Minimum Variance,GOOGL,0.0
2020-03-02,Minimum Variance,JPM,0.071461
2020-03-02,Minimum Variance,JNJ,0.178734
2020-03-02,Minimum Variance,PG,0.029458
2020-03-02,Minimum Variance,XOM,0.047651
2020-03-02,Minimum Variance,CAT,0.0
2020-03-02,Minimum Variance,AMZN,0.020191
2020-03-02,Minimum Variance,BRK-B,0.222486
2020-03-02,Minimum Variance,LLY,0.029251
2020-03-02,Minimum Variance,NEE,0.400768
2020-04-01,Minimum Variance,AAPL,0.0
2020-04-01,Minimum Variance,MSFT,0.0
2020-04-01,Minimum Variance,GOOGL,0.0
2020-04-01,Minimum Variance,JPM,0.0
2020-04-01,Minimum Variance,JNJ,0.371651
2020-04-01,Minimum Variance,PG,0.108538
2020-04-01,Minimum Variance,XOM,0.016891
2020-04-01,Minimum Variance,CAT,0.0
2020-04-01,Minimum Variance,AMZN,0.344402
2020-04-01,Minimum Variance,BRK-B,0.09908
2020-04-01,Minimum Variance,LLY,0.021028
2020-04-01,Minimum Variance,NEE,0.03841
2020-05-01,Minimum Variance,AAPL,0.0
2020-05-01,Minimum Variance,MSFT,0.0
2020-05-01,Minimum Variance,GOOGL,0.0
2020-05-01,Minimum Variance,JPM,0.0
2020-05-01,Minimum Variance,JNJ,0.345845
2020-05-01,Minimum Variance,PG,0.143497
2020-05-01,Minimum Variance,XOM,0.015919
2020-05-01,Minimum Variance,CAT,0.0
2020-05-01,Minimum Variance,AMZN,0.30818
2020-05-01,Minimum Variance,BRK-B,0.155866
2020-05-01,Minimum Variance,LLY,0.027905
2020-05-01,Minimum Variance,NEE,0.002789
2020-06-01,Minimum Variance,AAPL,0.0
2020-06-01,Minimum Variance,MSFT,0.0
2020-06-01,Minimum Variance,GOOGL,0.0
2020-06-01,Minimum Variance,JPM,0.0
2020-06-01,Minimum Variance,JNJ,0.358154
2020-06-01,Minimum Variance,PG,0.139441
2020-06-01,Minimum Variance,XOM,0.0
2020-06-01,Minimum Variance,CAT,0.0
2020-06-01,Minimum Variance,AMZN,0.287574
2020-06-01,Minimum Variance,BRK-B,0.169062
2020-06-01,Minimum Variance,LLY,0.045768
2020-06-01,Minimum Variance,NEE,0.0
2020-07-01,Minimum Variance,AAPL,0.0
2020-07-01,Minimum Variance,MSFT,0.0
2020-07-01,Minimum Variance,GOOGL,0.0
2020-07-01,Minimum Variance,JPM,0.0
2020-07-01,Minimum Variance,JNJ,0.368247
2020-07-01,Minimum Variance,PG,0.157893
2020-07-01,Minimum Variance,XOM,0.0
2020-07-01,Minimum Variance,CAT,0.0
2020-07-01,Minimum Variance,AMZN,0.300359
2020-07-01,Minimum Variance,BRK-B,0.137613
2020-07-01,Minimum Variance,LLY,0.01548
2020-07-01,Minimum Variance,NEE,0.020408
2020-08-03,Minimum Variance,AAPL,0.0
2020-08-03,Minimum Variance,MSFT,0.0
2020-08-03,Minimum Variance,GOOGL,0.0
2020-08-03,Minimum Variance,JPM,0.0
2020-08-03,Minimum Variance,JNJ,0.377164
2020-08-03,Minimum Variance,PG,0.177951
2020-08-03,Minimum Variance,XOM,0.0
2020-08-03,Minimum Variance,CAT,0.0
2020-08-03,Minimum Variance,AMZN,0.260164
2020-08-03,Minimum Variance,BRK-B,0.151606
2020-08-03,Minimum Variance,LLY,0.023613
2020-08-03,Minimum Variance,NEE,0.009501
2020-09-01,Minimum Variance,AAPL,0.0
2020-09-01,Minimum Variance,MSFT,0.0
2020-09-01,Minimum Variance,GOOGL,0.0
2020-09-01,Minimum Variance,JPM,0.0
2020-09-01,Minimum Variance,JNJ,0.377467
2020-09-01,Minimum Variance,PG,0.181823
2020-09-01,Minimum Variance,XOM,0.0
2020-09-01,Minimum Variance,CAT,0.0
2020-09-01,Minimum Variance,AMZN,0.250462
2020-09-01,Minimum Variance,BRK-B,0.15626
2020-09-01,Minimum Variance,LLY,0.026433
2020-09-01,Minimum Variance,NEE,0.007555
2020-10-01,Minimum Variance,AAPL,0.0
2020-10-01,Minimum Variance,MSFT,0.0
2020-10-01,Minimum Variance,GOOGL,0.0
2020-10-01,Minimum Variance,JPM,0.0
2020-10-01,Minimum Variance,JNJ,0.371635
2020-10-01,Minimum Variance,PG,0.195692
2020-10-01,Minimum Variance,XOM,0.0
2020-10-01,Minimum Variance,CAT,0.0
2020-10-01,Minimum Variance,AMZN,0.219474
2020-10-01,Minimum Variance,BRK-B,0.172508
2020-10-01,Minimum Variance,LLY,0.040692
2020-10-01,Minimum Variance,NEE,0.0
2020-11-02,Minimum Variance,AAPL,0.0
2020-11-02,Minimum Variance,MSFT,0.0
2020-11-02,Minimum Variance,GOOGL,0.0
2020-11-02,Minimum Variance,JPM,0.0
2020-11-02,Minimum Variance,JNJ,0.361865
2020-11-02,Minimum Variance,PG,0.209423
2020-11-02,Minimum Variance,XOM,0.0
2020-11-02,Minimum Variance,CAT,0.0
2020-11-02,Minimum Variance,AMZN,0.199276
2020-11-02,Minimum Variance,BRK-B,0.184882
2020-11-02,Minimum Variance,LLY,0.044553
2020-11-02,Minimum Variance,NEE,0.0
2020-12-01,Minimum Variance,AAPL,0.0
2020-12-01,Minimum Variance,MSFT,0.0
2020-12-01,Minimum Variance,GOOGL,0.0
2020-12-01,Minimum Variance,JPM,0.0
2020-12-01,Minimum Variance,JNJ,0.371135
2020-12-01,Minimum Variance,PG,0.216534
2020-12-01,Minimum Variance,XOM,0.0
2020-12-01,Minimum Variance,CAT,0.0
2020-12-01,Minimum Variance,AMZN,0.197148
2020-12-01,Minimum Variance,BRK-B,0.183203
2020-12-01,Minimum Variance,LLY,0.03198
2020-12-01,Minimum Variance,NEE,0.0
2021-01-04,Minimum Variance,AAPL,0.0
2021-01-04,Minimum Variance,MSFT,0.0
2021-01-04,Minimum Variance,GOOGL,0.0
2021-01-04,Minimum Variance,JPM,0.0
2021-01-04,Minimum Variance,JNJ,0.358668
2021-01-04,Minimum Variance,PG,0.222439
2021-01-04,Minimum Variance,XOM,0.0
2021-01-04,Minimum Variance,CAT,0.0
2021-01-04,Minimum Variance,AMZN,0.198724
2021-01-04,Minimum Variance,BRK-B,0.187326
2021-01-04,Minimum Variance,LLY,0.032843
2021-01-04,Minimum Variance,NEE,0.0
2021-02-01,Minimum Variance,AAPL,0.0
2021-02-01,Minimum Variance,MSFT,0.0
2021-02-01,Minimum Variance,GOOGL,0.0
2021-02-01,Minimum Variance,JPM,0.0
2021-02-01,Minimum Variance,JNJ,0.349496
2021-02-01,Minimum Variance,PG,0.221945
2021-02-01,Minimum Variance,XOM,0.0
2021-02-01,Minimum Variance,CAT,0.0
2021-02-01,Minimum Variance,AMZN,0.197405
2021-02-01,Minimum Variance,BRK-B,0.196243
2021-02-01,Minimum Variance,LLY,0.034911
2021-02-01,Minimum Variance,NEE,0.0
2021-03-01,Minimum Variance,AAPL,0.0
2021-03-01,Minimum Variance,MSFT,0.0
2021-03-01,Minimum Variance,GOOGL,0.0
2021-03-01,Minimum Variance,JPM,0.0
2021-03-01,Minimum Variance,JNJ,0.343909
2021-03-01,Minimum Variance,PG,0.221964
2021-03-01,Minimum Variance,XOM,0.0
2021-03-01,Minimum Variance,CAT,0.0
2021-03-01,Minimum Variance,AMZN,0.194182
2021-03-01,Minimum Variance,BRK-B,0.199456
2021-03-01,Minimum Variance,LLY,0.040488
2021-03-01,Minimum Variance,NEE,0.0
2021-04-01,Minimum Variance,AAPL,0.0
2021-04-01,Minimum Variance,MSFT,0.0
2021-04-01,Minimum Variance,GOOGL,0.0
2021-04-01,Minimum Variance,JPM,0.0
2021-04-01,Minimum Variance,JNJ,0.350154
2021-04-01,Minimum Variance,PG,0.224069
2021-04-01,Minimum Variance,XOM,0.0
2021-04-01,Minimum Variance,CAT,0.0
2021-04-01,Minimum Variance,AMZN,0.195606
2021-04-01,Minimum Variance,BRK-B,0.192444
2021-04-01,Minimum Variance,LLY,0.037727
2021-04-01,Minimum Variance,NEE,0.0
2021-05-03,Minimum Variance,AAPL,0.0
2021-05-03,Minimum Variance,MSFT,0.0
2021-05-03,Minimum Variance,GOOGL,0.0
2021-05-03,Minimum Variance,JPM,0.0
2021-05-03,Minimum Variance,JNJ,0.349725
2021-05-03,Minimum Variance,PG,0.224216
2021-05-03,Minimum Variance,XOM,0.0
2021-05-03,Minimum Variance,CAT,0.0
2021-05-03,Minimum Variance,AMZN,0.196344
2021-05-03,Minimum Variance,BRK-B,0.19158
2021-05-03,Minimum Variance,LLY,0.038135
2021-05-03,Minimum Variance,NEE,0.0
2021-06-01,Minimum Variance,AAPL,0.0
2021-06-01,Minimum Variance,MSFT,0.0
2021-06-01,Minimum Variance,GOOGL,0.0
2021-06-01,Minimum Variance,JPM,0.0
2021-06-01,Minimum Variance,JNJ,0.354756
2021-06-01,Minimum Variance,PG,0.22032
2021-06-01,Minimum Variance,XOM,0.0
2021-06-01,Minimum Variance,CAT,0.0
2021-06-01,Minimum Variance,AMZN,0.1974
2021-06-01,Minimum Variance,BRK-B,0.188902
2021-06-01,Minimum Variance,LLY,0.038622
2021-06-01,Minimum Variance,NEE,0.0
2021-07-01,Minimum Variance,AAPL,0.0
2021-07-01,Minimum Variance,MSFT,0.0
2021-07-01,Minimum Variance,GOOGL,0.0
2021-07-01,Minimum Variance,JPM,0.0
2021-07-01,Minimum Variance,JNJ,0.349106
2021-07-01,Minimum Variance,PG,0.219106
2021-07-01,Minimum Variance,XOM,0.0
2021-07-01,Minimum Variance,CAT,0.0
2021-07-01,Minimum Variance,AMZN,0.200318
2021-07-01,Minimum Variance,BRK-B,0.195508
2021-07-01,Minimum Variance,LLY,0.035962
2021-07-01,Minimum Variance,NEE,0.0
2021-08-02,Minimum Variance,AAPL,0.0
2021-08-02,Minimum Variance,MSFT,0.0
2021-08-02,Minimum Variance,GOOGL,0.0
2021-08-02,Minimum Variance,JPM,0.0
2021-08-02,Minimum Variance,JNJ,0.345337
2021-08-02,Minimum Variance,PG,0.229617
2021-08-02,Minimum Variance,XOM,0.0
2021-08-02,Minimum Variance,CAT,0.0
2021-08-02,Minimum Variance,AMZN,0.192748
2021-08-02,Minimum Variance,BRK-B,0.195593
2021-08-02,Minimum Variance,LLY,0.036705
2021-08-02,Minimum Variance,NEE,0.0
2021-09-01,Minimum Variance,AAPL,0.0
2021-09-01,Minimum Variance,MSFT,0.0
2021-09-01,Minimum Variance,GOOGL,0.0
2021-09-01,Minimum Variance,JPM,0.0
2021-09-01,Minimum Variance,JNJ,0.344558
2021-09-01,Minimum Variance,PG,0.228901
2021-09-01,Minimum Variance,XOM,0.0
2021-09-01,Minimum Variance,CAT,0.0
2021-09-01,Minimum Variance,AMZN,0.193442
2021-09-01,Minimum Variance,BRK-B,0.198064
2021-09-01,Minimum Variance,LLY,0.035035
2021-09-01,Minimum Variance,NEE,0.0
2021-10-01,Minimum Variance,AAPL,0.0
2021-10-01,Minimum Variance,MSFT,0.0
2021-10-01,Minimum Variance,GOOGL,0.0
2021-10-01,Minimum Variance,JPM,0.0
2021-10-01,Minimum Variance,JNJ,0.344779
2021-10-01,Minimum Variance,PG,0.231992
2021-10-01,Minimum Variance,XOM,0.0
2021-10-01,Minimum Variance,CAT,0.0
2021-10-01,Minimum Variance,AMZN,0.19284
2021-10-01,Minimum Variance,BRK-B,0.199892
2021-10-01,Minimum Variance,LLY,0.030498
2021-10-01,Minimum Variance,NEE,0.0
2021-11-01,Minimum Variance,AAPL,0.0
2021-11-01,Minimum Variance,MSFT,0.0
2021-11-01,Minimum Variance,GOOGL,0.0
2021-11-01,Minimum Variance,JPM,0.0
2021-11-01,Minimum Variance,JNJ,0.342992
2021-11-01,Minimum Variance,PG,0.236841
2021-11-01,Minimum Variance,XOM,0.0
2021-11-01,Minimum Variance,CAT,0.0
2021-11-01,Minimum Variance,AMZN,0.190014
2021-11-01,Minimum Variance,BRK-B,0.199734
2021-11-01,Minimum Variance,LLY,0.030419
2021-11-01,Minimum Variance,NEE,0.0
2021-12-01,Minimum Variance,AAPL,0.0
2021-12-01,Minimum Variance,MSFT,0.0
2021-12-01,Minimum Variance,GOOGL,0.0
2021-12-01,Minimum Variance,JPM,0.0
2021-12-01,Minimum Variance,JNJ,0.343497
2021-12-01,Minimum Variance,PG,0.23595
2021-12-01,Minimum Variance,XOM,0.0
2021-12-01,Minimum Variance,CAT,0.0
2021-12-01,Minimum Variance,AMZN,0.187504
2021-12-01,Minimum Variance,BRK-B,0.204215
2021-12-01,Minimum Variance,LLY,0.028834
2021-12-01,Minimum Variance,NEE,0.0
2022-01-03,Minimum Variance,AAPL,0.0
2022-01-03,Minimum Variance,MSFT,0.0
2022-01-03,Minimum Variance,GOOGL,0.0
2022-01-03,Minimum Variance,JPM,0.0
2022-01-03,Minimum Variance,JNJ,0.341704
2022-01-03,Minimum Variance,PG,0.23759
2022-01-03,Minimum Variance,XOM,0.0
2022-01-03,Minimum Variance,CAT,0.0
2022-01-03,Minimum Variance,AMZN,0.192585
2022-01-03,Minimum Variance,BRK-B,0.20377
2022-01-03,Minimum Variance,LLY,0.024351
2022-01-03,Minimum Variance,NEE,0.0
2022-02-01,Minimum Variance,AAPL,0.0
2022-02-01,Minimum Variance,MSFT,0.0
2022-02-01,Minimum Variance,GOOGL,0.0
2022-02-01,Minimum Variance,JPM,0.0
2022-02-01,Minimum Variance,JNJ,0.342877
2022-02-01,Minimum Variance,PG,0.244036
2022-02-01,Minimum Variance,XOM,0.000714
2022-02-01,Minimum Variance,CAT,0.0
2022-02-01,Minimum Variance,AMZN,0.185281
2022-02-01,Minimum Variance,BRK-B,0.201675
2022-02-01,Minimum Variance,LLY,0.025417
2022-02-01,Minimum Variance,NEE,0.0
2022-03-01,Minimum Variance,AAPL,0.0
2022-03-01,Minimum Variance,MSFT,0.0
2022-03-01,Minimum Variance,GOOGL,0.0
2022-03-01,Minimum Variance,JPM,0.0
2022-03-01,Minimum Variance,JNJ,0.336952
2022-03-01,Minimum Variance,PG,0.252354
2022-03-01,Minimum Variance,XOM,0.005059
2022-03-01,Minimum Variance,CAT,0.0
2022-03-01,Minimum Variance,AMZN,0.173938
2022-03-01,Minimum Variance,BRK-B,0.203103
2022-03-01,Minimum Variance,LLY,0.028279
2022-03-01,Minimum Variance,NEE,0.000315
2022-04-01,Minimum Variance,AAPL,0.0
2022-04-01,Minimum Variance,MSFT,0.0
2022-04-01,Minimum Variance,GOOGL,0.0
2022-04-01,Minimum Variance,JPM,0.0
2022-04-01,Minimum Variance,JNJ,0.344876
2022-04-01,Minimum Variance,PG,0.244261
2022-04-01,Minimum Variance,XOM,0.022327
2022-04-01,Minimum Variance,CAT,0.0
2022-04-01,Minimum Variance,AMZN,0.169629
2022-04-01,Minimum Variance,BRK-B,0.182803
2022-04-01,Minimum Variance,LLY,0.02743
2022-04-01,Minimum Variance,NEE,0.008674
2022-05-02,Minimum Variance,AAPL,0.0
2022-05-02,Minimum Variance,MSFT,0.0
2022-05-02,Minimum Variance,GOOGL,0.0
2022-05-02,Minimum Variance,JPM,0.0
2022-05-02,Minimum Variance,JNJ,0.346989
2022-05-02,Minimum Variance,PG,0.252932
2022-05-02,Minimum Variance,XOM,0.024731
2022-05-02,Minimum Variance,CAT,0.0
2022-05-02,Minimum Variance,AMZN,0.146328
2022-05-02,Minimum Variance,BRK-B,0.191796
2022-05-02,Minimum Variance,LLY,0.028993
2022-05-02,Minimum Variance,NEE,0.008232
2022-06-01,Minimum Variance,AAPL,0.0
2022-06-01,Minimum Variance,MSFT,0.0
2022-06-01,Minimum Variance,GOOGL,0.0
2022-06-01,Minimum Variance,JPM,0.0
2022-06-01,Minimum Variance,JNJ,0.371869
2022-06-01,Minimum Variance,PG,0.234855
2022-06-01,Minimum Variance,XOM,0.024708
2022-06-01,Minimum Variance,CAT,0.0
2022-06-01,Minimum Variance,AMZN,0.133197
2022-06-01,Minimum Variance,BRK-B,0.194251
2022-06-01,Minimum Variance,LLY,0.027865
2022-06-01,Minimum Variance,NEE,0.013256
2022-07-01,Minimum Variance,AAPL,0.0
2022-07-01,Minimum Variance,MSFT,0.0
2022-07-01,Minimum Variance,GOOGL,0.0
2022-07-01,Minimum Variance,JPM,0.0
2022-07-01,Minimum Variance,JNJ,0.386809
2022-07-01,Minimum Variance,PG,0.240911
2022-07-01,Minimum Variance,XOM,0.033388
2022-07-01,Minimum Variance,CAT,0.0
2022-07-01,Minimum Variance,AMZN,0.122374
2022-07-01,Minimum Variance,BRK-B,0.183154
2022-07-01,Minimum Variance,LLY,0.024993
2022-07-01,Minimum Variance,NEE,0.008371
2022-08-01,Minimum Variance,AAPL,0.0
2022-08-01,Minimum Variance,MSFT,0.0
2022-08-01,Minimum Variance,GOOGL,0.0
2022-08-01,Minimum Variance,JPM,0.0
2022-08-01,Minimum Variance,JNJ,0.390203
2022-08-01,Minimum Variance,PG,0.245236
2022-08-01,Minimum Variance,XOM,0.033101
2022-08-01,Minimum Variance,CAT,0.0
2022-08-01,Minimum Variance,AMZN,0.118677
2022-08-01,Minimum Variance,BRK-B,0.182185
2022-08-01,Minimum Variance,LLY,0.025733
2022-08-01,Minimum Variance,NEE,0.004866
2022-09-01,Minimum Variance,AAPL,0.0
2022-09-01,Minimum Variance,MSFT,0.0
2022-09-01,Minimum Variance,GOOGL,0.0
2022-09-01,Minimum Variance,JPM,0.0
2022-09-01,Minimum Variance,JNJ,0.395616
2022-09-01,Minimum Variance,PG,0.243635
2022-09-01,Minimum Variance,XOM,0.040836
2022-09-01,Minimum Variance,CAT,0.0
2022-09-01,Minimum Variance,AMZN,0.114327
2022-09-01,Minimum Variance,BRK-B,0.170741
2022-09-01,Minimum Variance,LLY,0.025335
2022-09-01,Minimum Variance,NEE,0.00951
2022-10-03,Minimum Variance,AAPL,0.0
2022-10-03,Minimum Variance,MSFT,0.0
2022-10-03,Minimum Variance,GOOGL,0.0
2022-10-03,Minimum Variance,JPM,0.0
2022-10-03,Minimum Variance,JNJ,0.402348
2022-10-03,Minimum Variance,PG,0.245744
2022-10-03,Minimum Variance,XOM,0.043347
2022-10-03,Minimum Variance,CAT,0.0
2022-10-03,Minimum Variance,AMZN,0.108417
2022-10-03,Minimum Variance,BRK-B,0.170083
2022-10-03,Minimum Variance,LLY,0.020547
2022-10-03,Minimum Variance,NEE,0.009514
2022-11-01,Minimum Variance,AAPL,0.0
2022-11-01,Minimum Variance,MSFT,0.0
2022-11-01,Minimum Variance,GOOGL,0.0
2022-11-01,Minimum Variance,JPM,0.0
2022-11-01,Minimum Variance,JNJ,0.415429
2022-11-01,Minimum Variance,PG,0.25276
2022-11-01,Minimum Variance,XOM,0.048797
2022-11-01,Minimum Variance,CAT,0.0
2022-11-01,Minimum Variance,AMZN,0.107275
2022-11-01,Minimum Variance,BRK-B,0.152278
2022-11-01,Minimum Variance,LLY,0.021068
2022-11-01,Minimum Variance,NEE,0.002392
2022-12-01,Minimum Variance,AAPL,0.0
2022-12-01,Minimum Variance,MSFT,0.0
2022-12-01,Minimum Variance,GOOGL,0.0
2022-12-01,Minimum Variance,JPM,0.0
2022-12-01,Minimum Variance,JNJ,0.425181
2022-12-01,Minimum Variance,PG,0.250441
2022-12-01,Minimum Variance,XOM,0.051455
2022-12-01,Minimum Variance,CAT,0.0
2022-12-01,Minimum Variance,AMZN,0.097077
2022-12-01,Minimum Variance,BRK-B,0.148627
2022-12-01,Minimum Variance,LLY,0.024675
2022-12-01,Minimum Variance,NEE,0.002543
2023-01-03,Minimum Variance,AAPL,0.0
2023-01-03,Minimum Variance,MSFT,0.0
2023-01-03,Minimum Variance,GOOGL,0.0
2023-01-03,Minimum Variance,JPM,0.0
2023-01-03,Minimum Variance,JNJ,0.426842
2023-01-03,Minimum Variance,PG,0.255575
2023-01-03,Minimum Variance,XOM,0.05061
2023-01-03,Minimum Variance,CAT,0.0
2023-01-03,Minimum Variance,AMZN,0.093209
2023-01-03,Minimum Variance,BRK-B,0.147192
2023-01-03,Minimum Variance,LLY,0.024946
2023-01-03,Minimum Variance,NEE,0.001626
2023-02-01,Minimum Variance,AAPL,0.0
2023-02-01,Minimum Variance,MSFT,0.0
2023-02-01,Minimum Variance,GOOGL,0.0
2023-02-01,Minimum Variance,JPM,0.0
2023-02-01,Minimum Variance,JNJ,0.42294
2023-02-01,Minimum Variance,PG,0.255139
2023-02-01,Minimum Variance,XOM,0.051397
2023-02-01,Minimum Variance,CAT,0.0
2023-02-01,Minimum Variance,AMZN,0.091517
2023-02-01,Minimum Variance,BRK-B,0.146887
2023-02-01,Minimum Variance,LLY,0.025154
2023-02-01,Minimum Variance,NEE,0.006966
2023-03-01,Minimum Variance,AAPL,0.0
2023-03-01,Minimum Variance,MSFT,0.0
2023-03-01,Minimum Variance,GOOGL,0.0
2023-03-01,Minimum Variance,JPM,0.0
2023-03-01,Minimum Variance,JNJ,0.418779
2023-03-01,Minimum Variance,PG,0.257775
2023-03-01,Minimum Variance,XOM,0.054046
2023-03-01,Minimum Variance,CAT,0.0
2023-03-01,Minimum Variance,AMZN,0.08813
2023-03-01,Minimum Variance,BRK-B,0.149136
2023-03-01,Minimum Variance,LLY,0.026399
2023-03-01,Minimum Variance,NEE,0.005734
2023-04-03,Minimum Variance,AAPL,0.0
2023-04-03,Minimum Variance,MSFT,0.0
2023-04-03,Minimum Variance,GOOGL,0.0
2023-04-03,Minimum Variance,JPM,0.0
2023-04-03,Minimum Variance,JNJ,0.418863
2023-04-03,Minimum Variance,PG,0.261798
2023-04-03,Minimum Variance,XOM,0.055314
2023-04-03,Minimum Variance,CAT,0.0
2023-04-03,Minimum Variance,AMZN,0.087696
2023-04-03,Minimum Variance,BRK-B,0.143066
2023-04-03,Minimum Variance,LLY,0.028547
2023-04-03,Minimum Variance,NEE,0.004715
2023-05-01,Minimum Variance,AAPL,0.0
2023-05-01,Minimum Variance,MSFT,0.0
2023-05-01,Minimum Variance,GOOGL,0.0
2023-05-01,Minimum Variance,JPM,0.0
2023-05-01,Minimum Variance,JNJ,0.411347
2023-05-01,Minimum Variance,PG,0.266372
2023-05-01,Minimum Variance,XOM,0.054486
2023-05-01,Minimum Variance,CAT,0.0
2023-05-01,Minimum Variance,AMZN,0.087823
2023-05-01,Minimum Variance,BRK-B,0.149887
2023-05-01,Minimum Variance,LLY,0.026936
2023-05-01,Minimum Variance,NEE,0.00315
2023-06-01,Minimum Variance,AAPL,0.0
2023-06-01,Minimum Variance,MSFT,0.0
2023-06-01,Minimum Variance,GOOGL,0.0
2023-06-01,Minimum Variance,JPM,0.0
2023-06-01,Minimum Variance,JNJ,0.411354
2023-06-01,Minimum Variance,PG,0.263119
2023-06-01,Minimum Variance,XOM,0.05295
2023-06-01,Minimum Variance,CAT,0.0
2023-06-01,Minimum Variance,AMZN,0.087418
2023-06-01,Minimum Variance,BRK-B,0.152291
2023-06-01,Minimum Variance,LLY,0.028901
2023-06-01,Minimum Variance,NEE,0.003967
2023-07-03,Minimum Variance,AAPL,0.0
2023-07-03,Minimum Variance,MSFT,0.0
2023-07-03,Minimum Variance,GOOGL,0.0
2023-07-03,Minimum Variance,JPM,0.0
2023-07-03,Minimum Variance,JNJ,0.411839
2023-07-03,Minimum Variance,PG,0.261483
2023-07-03,Minimum Variance,XOM,0.053417
2023-07-03,Minimum Variance,CAT,0.0
2023-07-03,Minimum Variance,AMZN,0.086291
2023-07-03,Minimum Variance,BRK-B,0.153444
2023-07-03,Minimum Variance,LLY,0.028232
2023-07-03,Minimum Variance,NEE,0.005295
2023-08-01,Minimum Variance,AAPL,0.0
2023-08-01,Minimum Variance,MSFT,0.0
2023-08-01,Minimum Variance,GOOGL,0.0
2023-08-01,Minimum Variance,JPM,0.0
2023-08-01,Minimum Variance,JNJ,0.393721
2023-08-01,Minimum Variance,PG,0.266846
2023-08-01,Minimum Variance,XOM,0.053804
2023-08-01,Minimum Variance,CAT,0.0
2023-08-01,Minimum Variance,AMZN,0.089266
2023-08-01,Minimum Variance,BRK-B,0.16212
2023-08-01,Minimum Variance,LLY,0.030213
2023-08-01,Minimum Variance,NEE,0.004031
2023-09-01,Minimum Variance,AAPL,0.0
2023-09-01,Minimum Variance,MSFT,0.0
2023-09-01,Minimum Variance,GOOGL,0.0
2023-09-01,Minimum Variance,JPM,0.0
2023-09-01,Minimum Variance,JNJ,0.387672
2023-09-01,Minimum Variance,PG,0.270229
2023-09-01,Minimum Variance,XOM,0.054858
2023-09-01,Minimum Variance,CAT,0.0
2023-09-01,Minimum Variance,AMZN,0.089621
2023-09-01,Minimum Variance,BRK-B,0.159302
2023-09-01,Minimum Variance,LLY,0.031854
2023-09-01,Minimum Variance,NEE,0.006465
2023-10-02,Minimum Variance,AAPL,0.0
2023-10-02,Minimum Variance,MSFT,0.0
2023-10-02,Minimum Variance,GOOGL,0.0
2023-10-02,Minimum Variance,JPM,0.0
2023-10-02,Minimum Variance,JNJ,0.38753
2023-10-02,Minimum Variance,PG,0.272803
2023-10-02,Minimum Variance,XOM,0.056539
2023-10-02,Minimum Variance,CAT,0.0
2023-10-02,Minimum Variance,AMZN,0.087069
2023-10-02,Minimum Variance,BRK-B,0.162281
2023-10-02,Minimum Variance,LLY,0.030723
2023-10-02,Minimum Variance,NEE,0.003054
2023-11-01,Minimum Variance,AAPL,0.0
2023-11-01,Minimum Variance,MSFT,0.0
2023-11-01,Minimum Variance,GOOGL,0.0
2023-11-01,Minimum Variance,JPM,0.0
2023-11-01,Minimum Variance,JNJ,0.386094
2023-11-01,Minimum Variance,PG,0.275646
2023-11-01,Minimum Variance,XOM,0.056827
2023-11-01,Minimum Variance,CAT,0.0
2023-11-01,Minimum Variance,AMZN,0.087521
2023-11-01,Minimum Variance,BRK-B,0.162331
2023-11-01,Minimum Variance,LLY,0.030111
2023-11-01,Minimum Variance,NEE,0.00147
2023-12-01,Minimum Variance,AAPL,0.0
2023-12-01,Minimum Variance,MSFT,0.0
2023-12-01,Minimum Variance,GOOGL,0.0
2023-12-01,Minimum Variance,JPM,0.0
2023-12-01,Minimum Variance,JNJ,0.38545
2023-12-01,Minimum Variance,PG,0.277284
2023-12-01,Minimum Variance,XOM,0.056589
2023-12-01,Minimum Variance,CAT,0.0
2023-12-01,Minimum Variance,AMZN,0.087887
2023-12-01,Minimum Variance,BRK-B,0.16445
2023-12-01,Minimum Variance,LLY,0.02834
2023-12-01,Minimum Variance,NEE,0.0
2024-01-02,Minimum Variance,AAPL,0.0
2024-01-02,Minimum Variance,MSFT,0.0
2024-01-02,Minimum Variance,GOOGL,0.0
2024-01-02,Minimum Variance,JPM,0.0
2024-01-02,Minimum Variance,JNJ,0.386499
2024-01-02,Minimum Variance,PG,0.273417
2024-01-02,Minimum Variance,XOM,0.056384
2024-01-02,Minimum Variance,CAT,0.0
2024-01-02,Minimum Variance,AMZN,0.088456
2024-01-02,Minimum Variance,BRK-B,0.166164
2024-01-02,Minimum Variance,LLY,0.02904
2024-01-02,Minimum Variance,NEE,4.1e-05
2024-02-01,Minimum Variance,AAPL,0.0
2024-02-01,Minimum Variance,MSFT,0.0
2024-02-01,Minimum Variance,GOOGL,0.0
2024-02-01,Minimum Variance,JPM,0.0
2024-02-01,Minimum Variance,JNJ,0.389493
2024-02-01,Minimum Variance,PG,0.271239
2024-02-01,Minimum Variance,XOM,0.055763
2024-02-01,Minimum Variance,CAT,0.0
2024-02-01,Minimum Variance,AMZN,0.089076
2024-02-01,Minimum Variance,BRK-B,0.165367
2024-02-01,Minimum Variance,LLY,0.029063
2024-02-01,Minimum Variance,NEE,0.0
2024-03-01,Minimum Variance,AAPL,0.0
2024-03-01,Minimum Variance,MSFT,0.0
2024-03-01,Minimum Variance,GOOGL,0.0
2024-03-01,Minimum Variance,JPM,0.0
2024-03-01,Minimum Variance,JNJ,0.38848
2024-03-01,Minimum Variance,PG,0.272562
2024-03-01,Minimum Variance,XOM,0.056649
2024-03-01,Minimum Variance,CAT,0.0
2024-03-01,Minimum Variance,AMZN,0.088709
2024-03-01,Minimum Variance,BRK-B,0.163277
2024-03-01,Minimum Variance,LLY,0.030323
2024-03-01,Minimum Variance,NEE,0.0
2024-04-01,Minimum Variance,AAPL,0.0
2024-04-01,Minimum Variance,MSFT,0.0
2024-04-01,Minimum Variance,GOOGL,0.0
2024-04-01,Minimum Variance,JPM,0.0
2024-04-01,Minimum Variance,JNJ,0.386286
2024-04-01,Minimum Variance,PG,0.273804
2024-04-01,Minimum Variance,XOM,0.057276
2024-04-01,Minimum Variance,CAT,0.0
2024-04-01,Minimum Variance,AMZN,0.08859
2024-04-01,Minimum Variance,BRK-B,0.162975
2024-04-01,Minimum Variance,LLY,0.031068
2024-04-01,Minimum Variance,NEE,0.0
2024-05-01,Minimum Variance,AAPL,0.0
2024-05-01,Minimum Variance,MSFT,0.0
2024-05-01,Minimum Variance,GOOGL,0.0
2024-05-01,Minimum Variance,JPM,0.0
2024-05-01,Minimum Variance,JNJ,0.379825
2024-05-01,Minimum Variance,PG,0.275558
2024-05-01,Minimum Variance,XOM,0.057776
2024-05-01,Minimum Variance,CAT,0.0
2024-05-01,Minimum Variance,AMZN,0.088794
2024-05-01,Minimum Variance,BRK-B,0.163891
2024-05-01,Minimum Variance,LLY,0.034156
2024-05-01,Minimum Variance,NEE,0.0
2024-06-03,Minimum Variance,AAPL,0.0
2024-06-03,Minimum Variance,MSFT,0.0
2024-06-03,Minimum Variance,GOOGL,0.0
2024-06-03,Minimum Variance,JPM,0.0
2024-06-03,Minimum Variance,JNJ,0.368686
2024-06-03,Minimum Variance,PG,0.280327
2024-06-03,Minimum Variance,XOM,0.059399
2024-06-03,Minimum Variance,CAT,0.0
2024-06-03,Minimum Variance,AMZN,0.089579
2024-06-03,Minimum Variance,BRK-B,0.164014
2024-06-03,Minimum Variance,LLY,0.037996
2024-06-03,Minimum Variance,NEE,0.0
2024-07-01,Minimum Variance,AAPL,0.0
2024-07-01,Minimum Variance,MSFT,0.0
2024-07-01,Minimum Variance,GOOGL,0.0
2024-07-01,Minimum Variance,JPM,0.0
2024-07-01,Minimum Variance,JNJ,0.367191
2024-07-01,Minimum Variance,PG,0.279427
2024-07-01,Minimum Variance,XOM,0.059094
2024-07-01,Minimum Variance,CAT,0.0
2024-07-01,Minimum Variance,AMZN,0.089129
2024-07-01,Minimum Variance,BRK-B,0.16602
2024-07-01,Minimum Variance,LLY,0.039139
2024-07-01,Minimum Variance,NEE,0.0
2024-08-01,Minimum Variance,AAPL,0.0
2024-08-01,Minimum Variance,MSFT,0.0
2024-08-01,Minimum Variance,GOOGL,0.0
2024-08-01,Minimum Variance,JPM,0.0
2024-08-01,Minimum Variance,JNJ,0.360848
2024-08-01,Minimum Variance,PG,0.278115
2024-08-01,Minimum Variance,XOM,0.06001
2024-08-01,Minimum Variance,CAT,0.0
2024-08-01,Minimum Variance,AMZN,0.091171
2024-08-01,Minimum Variance,BRK-B,0.166492
2024-08-01,Minimum Variance,LLY,0.043364
2024-08-01,Minimum Variance,NEE,0.0
2024-09-03,Minimum Variance,AAPL,0.0
2024-09-03,Minimum Variance,MSFT,0.0
2024-09-03,Minimum Variance,GOOGL,0.0
2024-09-03,Minimum Variance,JPM,0.0
2024-09-03,Minimum Variance,JNJ,0.363443
2024-09-03,Minimum Variance,PG,0.278921
2024-09-03,Minimum Variance,XOM,0.061016
2024-09-03,Minimum Variance,CAT,0.000854
2024-09-03,Minimum Variance,AMZN,0.091251
2024-09-03,Minimum Variance,BRK-B,0.165043
2024-09-03,Minimum Variance,LLY,0.039472
2024-09-03,Minimum Variance,NEE,0.0
2024-10-01,Minimum Variance,AAPL,0.0
2024-10-01,Minimum Variance,MSFT,0.0
2024-10-01,Minimum Variance,GOOGL,0.0
2024-10-01,Minimum Variance,JPM,0.0
2024-10-01,Minimum Variance,JNJ,0.361814
2024-10-01,Minimum Variance,PG,0.277752
2024-10-01,Minimum Variance,XOM,0.06112
2024-10-01,Minimum Variance,CAT,0.002214
2024-10-01,Minimum Variance,AMZN,0.092371
2024-10-01,Minimum Variance,BRK-B,0.163118
2024-10-01,Minimum Variance,LLY,0.040519
2024-10-01,Minimum Variance,NEE,0.001093
2024-11-01,Minimum Variance,AAPL,0.0
2024-11-01,Minimum Variance,MSFT,0.0
2024-11-01,Minimum Variance,GOOGL,0.0
2024-11-01,Minimum Variance,JPM,0.0
2024-11-01,Minimum Variance,JNJ,0.36169
2024-11-01,Minimum Variance,PG,0.278646
2024-11-01,Minimum Variance,XOM,0.063525
2024-11-01,Minimum Variance,CAT,0.002315
2024-11-01,Minimum Variance,AMZN,0.092562
2024-11-01,Minimum Variance,BRK-B,0.16048
2024-11-01,Minimum Variance,LLY,0.040782
2024-11-01,Minimum Variance,NEE,0.0
2024-12-02,Minimum Variance,AAPL,0.0
2024-12-02,Minimum Variance,MSFT,0.0
2024-12-02,Minimum Variance,GOOGL,0.0
2024-12-02,Minimum Variance,JPM,0.0
2024-12-02,Minimum Variance,JNJ,0.361739
2024-12-02,Minimum Variance,PG,0.27851
2024-12-02,Minimum Variance,XOM,0.065482
2024-12-02,Minimum Variance,CAT,0.001947
2024-12-02,Minimum Variance,AMZN,0.092812
2024-12-02,Minimum Variance,BRK-B,0.158427
2024-12-02,Minimum Variance,LLY,0.040641
2024-12-02,Minimum Variance,NEE,0.000441
2019-05-01,Risk Parity,AAPL,0.043736
2019-05-01,Risk Parity,MSFT,0.060802
2019-05-01,Risk Parity,GOOGL,0.053133
2019-05-01,Risk Parity,JPM,0.09672
2019-05-01,Risk Parity,JNJ,0.109805
2019-05-01,Risk Parity,PG,0.119425
2019-05-01,Risk Parity,XOM,0.091775
2019-05-01,Risk Parity,CAT,0.04335
2019-05-01,Risk Parity,AMZN,0.046354
2019-05-01,Risk Parity,BRK-B,0.071865
2019-05-01,Risk Parity,LLY,0.088267
2019-05-01,Risk Parity,NEE,0.174767
2019-06-03,Risk Parity,AAPL,0.045786
2019-06-03,Risk Parity,MSFT,0.057652
2019-06-03,Risk Parity,GOOGL,0.054562
2019-06-03,Risk Parity,JPM,0.092102
2019-06-03,Risk Parity,JNJ,0.102446
2019-06-03,Risk Parity,PG,0.111823
2019-06-03,Risk Parity,XOM,0.088487
2019-06-03,Risk Parity,CAT,0.044934
2019-06-03,Risk Parity,AMZN,0.047418
2019-06-03,Risk Parity,BRK-B,0.074382
2019-06-03,Risk Parity,LLY,0.096377
2019-06-03,Risk Parity,NEE,0.184033
2019-07-01,Risk Parity,AAPL,0.046106
2019-07-01,Risk Parity,MSFT,0.055032
2019-07-01,Risk Parity,GOOGL,0.054913
2019-07-01,Risk Parity,JPM,0.093053
2019-07-01,Risk Parity,JNJ,0.099769
2019-07-01,Risk Parity,PG,0.110663
2019-07-01,Risk Parity,XOM,0.089097
2019-07-01,Risk Parity,CAT,0.047325
2019-07-01,Risk Parity,AMZN,0.048373
2019-07-01,Risk Parity,BRK-B,0.07749
2019-07-01,Risk Parity,LLY,0.096262
2019-07-01,Risk Parity,NEE,0.181917
2019-08-01,Risk Parity,AAPL,0.048166
2019-08-01,Risk Parity,MSFT,0.055789
2019-08-01,Risk Parity,GOOGL,0.053106
2019-08-01,Risk Parity,JPM,0.096324
2019-08-01,Risk Parity,JNJ,0.096641
2019-08-01,Risk Parity,PG,0.109356
2019-08-01,Risk Parity,XOM,0.091527
2019-08-01,Risk Parity,CAT,0.051901
2019-08-01,Risk Parity,AMZN,0.05062
2019-08-01,Risk Parity,BRK-B,0.077978
2019-08-01,Risk Parity,LLY,0.092963
2019-08-01,Risk Parity,NEE,0.175628
2019-09-03,Risk Parity,AAPL,0.04808
2019-09-03,Risk Parity,MSFT,0.057295
2019-09-03,Risk Parity,GOOGL,0.055558
2019-09-03,Risk Parity,JPM,0.083421
2019-09-03,Risk Parity,JNJ,0.103965
2019-09-03,Risk Parity,PG,0.103997
2019-09-03,Risk Parity,XOM,0.082334
2019-09-03,Risk Parity,CAT,0.056097
2019-09-03,Risk Parity,AMZN,0.053788
2019-09-03,Risk Parity,BRK-B,0.082371
2019-09-03,Risk Parity,LLY,0.083891
2019-09-03,Risk Parity,NEE,0.189204
2019-10-01,Risk Parity,AAPL,0.047809
2019-10-01,Risk Parity,MSFT,0.057108
2019-10-01,Risk Parity,GOOGL,0.055158
2019-10-01,Risk Parity,JPM,0.082577
2019-10-01,Risk Parity,JNJ,0.103531
2019-10-01,Risk Parity,PG,0.103064
2019-10-01,Risk Parity,XOM,0.084084
2019-10-01,Risk Parity,CAT,0.055627
2019-10-01,Risk Parity,AMZN,0.053081
2019-10-01,Risk Parity,BRK-B,0.081489
2019-10-01,Risk Parity,LLY,0.083874
2019-10-01,Risk Parity,NEE,0.192599
2019-11-01,Risk Parity,AAPL,0.049437
2019-11-01,Risk Parity,MSFT,0.058762
2019-11-01,Risk Parity,GOOGL,0.056471
2019-11-01,Risk Parity,JPM,0.079685
2019-11-01,Risk Parity,JNJ,0.104479
2019-11-01,Risk Parity,PG,0.102886
2019-11-01,Risk Parity,XOM,0.081787
2019-11-01,Risk Parity,CAT,0.055638
2019-11-01,Risk Parity,AMZN,0.055929
2019-11-01,Risk Parity,BRK-B,0.083104
2019-11-01,Risk Parity,LLY,0.083249
2019-11-01,Risk Parity,NEE,0.188573
2019-12-02,Risk Parity,AAPL,0.049557
2019-12-02,Risk Parity,MSFT,0.059205
2019-12-02,Risk Parity,GOOGL,0.056575
2019-12-02,Risk Parity,JPM,0.079621
2019-12-02,Risk Parity,JNJ,0.103218
2019-12-02,Risk Parity,PG,0.102507
2019-12-02,Risk Parity,XOM,0.082418
2019-12-02,Risk Parity,CAT,0.055334
2019-12-02,Risk Parity,AMZN,0.05651
2019-12-02,Risk Parity,BRK-B,0.083909
2019-12-02,Risk Parity,LLY,0.083495
2019-12-02,Risk Parity,NEE,0.187651
2020-01-02,Risk Parity,AAPL,0.049923
2020-01-02,Risk Parity,MSFT,0.05967
2020-01-02,Risk Parity,GOOGL,0.056903
2020-01-02,Risk Parity,JPM,0.078638
2020-01-02,Risk Parity,JNJ,0.103231
2020-01-02,Risk Parity,PG,0.104215
2020-01-02,Risk Parity,XOM,0.082273
2020-01-02,Risk Parity,CAT,0.055675
2020-01-02,Risk Parity,AMZN,0.056673
2020-01-02,Risk Parity,BRK-B,0.084049
2020-01-02,Risk Parity,LLY,0.083907
2020-01-02,Risk Parity,NEE,0.184843
2020-02-03,Risk Parity,AAPL,0.048743
2020-02-03,Risk Parity,MSFT,0.058357
2020-02-03,Risk Parity,GOOGL,0.056834
2020-02-03,Risk Parity,JPM,0.076744
2020-02-03,Risk Parity,JNJ,0.105259
2020-02-03,Risk Parity,PG,0.105175
2020-02-03,Risk Parity,XOM,0.079383
2020-02-03,Risk Parity,CAT,0.055384
2020-02-03,Risk Parity,AMZN,0.060599
2020-02-03,Risk Parity,BRK-B,0.082319
2020-02-03,Risk Parity,LLY,0.082875
2020-02-03,Risk Parity,NEE,0.188328
2020-03-02,Risk Parity,AAPL,0.050412
2020-03-02,Risk Parity,MSFT,0.059352
2020-03-02,Risk Parity,GOOGL,0.060671
2020-03-02,Risk Parity,JPM,0.076376
2020-03-02,Risk Parity,JNJ,0.109329
2020-03-02,Risk Parity,PG,0.101374
2020-03-02,Risk Parity,XOM,0.075048
2020-03-02,Risk Parity,CAT,0.059962
2020-03-02,Risk Parity,AMZN,0.064495
2020-03-02,Risk Parity,BRK-B,0.085688
2020-03-02,Risk Parity,LLY,0.086868
2020-03-02,Risk Parity,NEE,0.170425
2020-04-01,Risk Parity,AAPL,0.06632
2020-04-01,Risk Parity,MSFT,0.067075
2020-04-01,Risk Parity,GOOGL,0.080569
2020-04-01,Risk Parity,JPM,0.064533
2020-04-01,Risk Parity,JNJ,0.103908
2020-04-01,Risk Parity,PG,0.094982
2020-04-01,Risk Parity,XOM,0.07857
2020-04-01,Risk Parity,CAT,0.075372
2020-04-01,Risk Parity,AMZN,0.103516
2020-04-01,Risk Parity,BRK-B,0.084884
2020-04-01,Risk Parity,LLY,0.091098
2020-04-01,Risk Parity,NEE,0.089172
2020-05-01,Risk Parity,AAPL,0.066738
2020-05-01,Risk Parity,MSFT,0.067551
2020-05-01,Risk Parity,GOOGL,0.078101
2020-05-01,Risk Parity,JPM,0.064361
2020-05-01,Risk Parity,JNJ,0.104146
2020-05-01,Risk Parity,PG,0.097561
2020-05-01,Risk Parity,XOM,0.077421
2020-05-01,Risk Parity,CAT,0.074267
2020-05-01,Risk Parity,AMZN,0.105554
2020-05-01,Risk Parity,BRK-B,0.085986
2020-05-01,Risk Parity,LLY,0.092651
2020-05-01,Risk Parity,NEE,0.085664
2020-06-01,Risk Parity,AAPL,0.067655
2020-06-01,Risk Parity,MSFT,0.06852
2020-06-01,Risk Parity,GOOGL,0.078811
2020-06-01,Risk Parity,JPM,0.063729
2020-06-01,Risk Parity,JNJ,0.105716
2020-06-01,Risk Parity,PG,0.097518
2020-06-01,Risk Parity,XOM,0.074834
2020-06-01,Risk Parity,CAT,0.072542
2020-06-01,Risk Parity,AMZN,0.104452
2020-06-01,Risk Parity,BRK-B,0.08558
2020-06-01,Risk Parity,LLY,0.095202
2020-06-01,Risk Parity,NEE,0.08544
2020-07-01,Risk Parity,AAPL,0.068482
2020-07-01,Risk Parity,MSFT,0.069268
2020-07-01,Risk Parity,GOOGL,0.079195
2020-07-01,Risk Parity,JPM,0.06305
2020-07-01,Risk Parity,JNJ,0.106244
2020-07-01,Risk Parity,PG,0.099008
2020-07-01,Risk Parity,XOM,0.072212
2020-07-01,Risk Parity,CAT,0.071142
2020-07-01,Risk Parity,AMZN,0.105714
2020-07-01,Risk Parity,BRK-B,0.084931
2020-07-01,Risk Parity,LLY,0.093081
2020-07-01,Risk Parity,NEE,0.08767
2020-08-03,Risk Parity,AAPL,0.068293
2020-08-03,Risk Parity,MSFT,0.069133
2020-08-03,Risk Parity,GOOGL,0.079161
2020-08-03,Risk Parity,JPM,0.063105
2020-08-03,Risk Parity,JNJ,0.107032
2020-08-03,Risk Parity,PG,0.1003
2020-08-03,Risk Parity,XOM,0.072136
2020-08-03,Risk Parity,CAT,0.071182
2020-08-03,Risk Parity,AMZN,0.103497
2020-08-03,Risk Parity,BRK-B,0.085106
2020-08-03,Risk Parity,LLY,0.093118
2020-08-03,Risk Parity,NEE,0.087938
2020-09-01,Risk Parity,AAPL,0.068154
2020-09-01,Risk Parity,MSFT,0.069074
2020-09-01,Risk Parity,GOOGL,0.079172
2020-09-01,Risk Parity,JPM,0.063538
2020-09-01,Risk Parity,JNJ,0.10703
2020-09-01,Risk Parity,PG,0.100332
2020-09-01,Risk Parity,XOM,0.072189
2020-09-01,Risk Parity,CAT,0.071269
2020-09-01,Risk Parity,AMZN,0.10293
2020-09-01,Risk Parity,BRK-B,0.084995
2020-09-01,Risk Parity,LLY,0.093281
2020-09-01,Risk Parity,NEE,0.088037
2020-10-01,Risk Parity,AAPL,0.066739
2020-10-01,Risk Parity,MSFT,0.068089
2020-10-01,Risk Parity,GOOGL,0.078264
2020-10-01,Risk Parity,JPM,0.064474
2020-10-01,Risk Parity,JNJ,0.107498
2020-10-01,Risk Parity,PG,0.101181
2020-10-01,Risk Parity,XOM,0.073474
2020-10-01,Risk Parity,CAT,0.072059
2020-10-01,Risk Parity,AMZN,0.099477
2020-10-01,Risk Parity,BRK-B,0.086021
2020-10-01,Risk Parity,LLY,0.094723
2020-10-01,Risk Parity,NEE,0.088002
2020-11-02,Risk Parity,AAPL,0.066205
2020-11-02,Risk Parity,MSFT,0.068092
2020-11-02,Risk Parity,GOOGL,0.07787
2020-11-02,Risk Parity,JPM,0.065075
2020-11-02,Risk Parity,JNJ,0.107172
2020-11-02,Risk Parity,PG,0.102053
2020-11-02,Risk Parity,XOM,0.073352
2020-11-02,Risk Parity,CAT,0.072227
2020-11-02,Risk Parity,AMZN,0.097749
2020-11-02,Risk Parity,BRK-B,0.08673
2020-11-02,Risk Parity,LLY,0.094712
2020-11-02,Risk Parity,NEE,0.088763
2020-12-01,Risk Parity,AAPL,0.066634
2020-12-01,Risk Parity,MSFT,0.068287
2020-12-01,Risk Parity,GOOGL,0.07765
2020-12-01,Risk Parity,JPM,0.064341
2020-12-01,Risk Parity,JNJ,0.107579
2020-12-01,Risk Parity,PG,0.103412
2020-12-01,Risk Parity,XOM,0.071706
2020-12-01,Risk Parity,CAT,0.072565
2020-12-01,Risk Parity,AMZN,0.098136
2020-12-01,Risk Parity,BRK-B,0.086283
2020-12-01,Risk Parity,LLY,0.093986
2020-12-01,Risk Parity,NEE,0.089421
2021-01-04,Risk Parity,AAPL,0.066493
2021-01-04,Risk Parity,MSFT,0.068627
2021-01-04,Risk Parity,GOOGL,0.077668
2021-01-04,Risk Parity,JPM,0.064435
2021-01-04,Risk Parity,JNJ,0.107274
2021-01-04,Risk Parity,PG,0.103708
2021-01-04,Risk Parity,XOM,0.071345
2021-01-04,Risk Parity,CAT,0.072673
2021-01-04,Risk Parity,AMZN,0.098372
2021-01-04,Risk Parity,BRK-B,0.086491
2021-01-04,Risk Parity,LLY,0.093287
2021-01-04,Risk Parity,NEE,0.089627
2021-02-01,Risk Parity,AAPL,0.066864
2021-02-01,Risk Parity,MSFT,0.068976
2021-02-01,Risk Parity,GOOGL,0.077114
2021-02-01,Risk Parity,JPM,0.064876
2021-02-01,Risk Parity,JNJ,0.107318
2021-02-01,Risk Parity,PG,0.104088
2021-02-01,Risk Parity,XOM,0.071437
2021-02-01,Risk Parity,CAT,0.073242
2021-02-01,Risk Parity,AMZN,0.098306
2021-02-01,Risk Parity,BRK-B,0.087009
2021-02-01,Risk Parity,LLY,0.092718
2021-02-01,Risk Parity,NEE,0.088051
2021-03-01,Risk Parity,AAPL,0.066879
2021-03-01,Risk Parity,MSFT,0.06908
2021-03-01,Risk Parity,GOOGL,0.076693
2021-03-01,Risk Parity,JPM,0.06486
2021-03-01,Risk Parity,JNJ,0.107428
2021-03-01,Risk Parity,PG,0.10415
2021-03-01,Risk Parity,XOM,0.071063
2021-03-01,Risk Parity,CAT,0.073495
2021-03-01,Risk Parity,AMZN,0.098021
2021-03-01,Risk Parity,BRK-B,0.086974
2021-03-01,Risk Parity,LLY,0.093072
2021-03-01,Risk Parity,NEE,0.088285
2021-04-01,Risk Parity,AAPL,0.066617
2021-04-01,Risk Parity,MSFT,0.069033
2021-04-01,Risk Parity,GOOGL,0.07672
2021-04-01,Risk Parity,JPM,0.065822
2021-04-01,Risk Parity,JNJ,0.107833
2021-04-01,Risk Parity,PG,0.104583
2021-04-01,Risk Parity,XOM,0.070967
2021-04-01,Risk Parity,CAT,0.07372
2021-04-01,Risk Parity,AMZN,0.097625
2021-04-01,Risk Parity,BRK-B,0.086912
2021-04-01,Risk Parity,LLY,0.092368
2021-04-01,Risk Parity,NEE,0.087801
2021-05-03,Risk Parity,AAPL,0.066537
2021-05-03,Risk Parity,MSFT,0.068956
2021-05-03,Risk Parity,GOOGL,0.07629
2021-05-03,Risk Parity,JPM,0.065727
2021-05-03,Risk Parity,JNJ,0.108211
2021-05-03,Risk Parity,PG,0.104814
2021-05-03,Risk Parity,XOM,0.07111
2021-05-03,Risk Parity,CAT,0.073917
2021-05-03,Risk Parity,AMZN,0.097234
2021-05-03,Risk Parity,BRK-B,0.086796
2021-05-03,Risk Parity,LLY,0.092318
2021-05-03,Risk Parity,NEE,0.088089
2021-06-01,Risk Parity,AAPL,0.066341
2021-06-01,Risk Parity,MSFT,0.068794
2021-06-01,Risk Parity,GOOGL,0.075958
2021-06-01,Risk Parity,JPM,0.06583
2021-06-01,Risk Parity,JNJ,0.108659
2021-06-01,Risk Parity,PG,0.104866
2021-06-01,Risk Parity,XOM,0.07108
2021-06-01,Risk Parity,CAT,0.074153
2021-06-01,Risk Parity,AMZN,0.097155
2021-06-01,Risk Parity,BRK-B,0.086711
2021-06-01,Risk Parity,LLY,0.092414
2021-06-01,Risk Parity,NEE,0.088039
2021-07-01,Risk Parity,AAPL,0.066516
2021-07-01,Risk Parity,MSFT,0.068892
2021-07-01,Risk Parity,GOOGL,0.076
2021-07-01,Risk Parity,JPM,0.065928
2021-07-01,Risk Parity,JNJ,0.108474
2021-07-01,Risk Parity,PG,0.104846
2021-07-01,Risk Parity,XOM,0.071049
2021-07-01,Risk Parity,CAT,0.07428
2021-07-01,Risk Parity,AMZN,0.097706
2021-07-01,Risk Parity,BRK-B,0.086927
2021-07-01,Risk Parity,LLY,0.091288
2021-07-01,Risk Parity,NEE,0.088095
2021-08-02,Risk Parity,AAPL,0.066461
2021-08-02,Risk Parity,MSFT,0.069011
2021-08-02,Risk Parity,GOOGL,0.075801
2021-08-02,Risk Parity,JPM,0.065814
2021-08-02,Risk Parity,JNJ,0.108452
2021-08-02,Risk Parity,PG,0.105686
2021-08-02,Risk Parity,XOM,0.07085
2021-08-02,Risk Parity,CAT,0.074083
2021-08-02,Risk Parity,AMZN,0.096885
2021-08-02,Risk Parity,BRK-B,0.086925
2021-08-02,Risk Parity,LLY,0.091516
2021-08-02,Risk Parity,NEE,0.088516
2021-09-01,Risk Parity,AAPL,0.066384
2021-09-01,Risk Parity,MSFT,0.069083
2021-09-01,Risk Parity,GOOGL,0.075839
2021-09-01,Risk Parity,JPM,0.06589
2021-09-01,Risk Parity,JNJ,0.108476
2021-09-01,Risk Parity,PG,0.105722
2021-09-01,Risk Parity,XOM,0.070724
2021-09-01,Risk Parity,CAT,0.07388
2021-09-01,Risk Parity,AMZN,0.096868
2021-09-01,Risk Parity,BRK-B,0.086959
2021-09-01,Risk Parity,LLY,0.091414
2021-09-01,Risk Parity,NEE,0.088761
2021-10-01,Risk Parity,AAPL,0.066346
2021-10-01,Risk Parity,MSFT,0.069087
2021-10-01,Risk Parity,GOOGL,0.075839
2021-10-01,Risk Parity,JPM,0.065988
2021-10-01,Risk Parity,JNJ,0.10858
2021-10-01,Risk Parity,PG,0.10602
2021-10-01,Risk Parity,XOM,0.070729
2021-10-01,Risk Parity,CAT,0.073604
2021-10-01,Risk Parity,AMZN,0.096658
2021-10-01,Risk Parity,BRK-B,0.087191
2021-10-01,Risk Parity,LLY,0.091017
2021-10-01,Risk Parity,NEE,0.088941
2021-11-01,Risk Parity,AAPL,0.066346
2021-11-01,Risk Parity,MSFT,0.069213
2021-11-01,Risk Parity,GOOGL,0.075813
2021-11-01,Risk Parity,JPM,0.066013
2021-11-01,Risk Parity,JNJ,0.108681
2021-11-01,Risk Parity,PG,0.106375
2021-11-01,Risk Parity,XOM,0.070867
2021-11-01,Risk Parity,CAT,0.073409
2021-11-01,Risk Parity,AMZN,0.096289
2021-11-01,Risk Parity,BRK-B,0.087156
2021-11-01,Risk Parity,LLY,0.090956
2021-11-01,Risk Parity,NEE,0.088882
2021-12-01,Risk Parity,AAPL,0.066693
2021-12-01,Risk Parity,MSFT,0.069259
2021-12-01,Risk Parity,GOOGL,0.075481
2021-12-01,Risk Parity,JPM,0.066157
2021-12-01,Risk Parity,JNJ,0.108769
2021-12-01,Risk Parity,PG,0.106291
2021-12-01,Risk Parity,XOM,0.0708
2021-12-01,Risk Parity,CAT,0.073473
2021-12-01,Risk Parity,AMZN,0.095785
2021-12-01,Risk Parity,BRK-B,0.087326
2021-12-01,Risk Parity,LLY,0.090948
2021-12-01,Risk Parity,NEE,0.089019
2022-01-03,Risk Parity,AAPL,0.066581
2022-01-03,Risk Parity,MSFT,0.069205
2022-01-03,Risk Parity,GOOGL,0.075453
2022-01-03,Risk Parity,JPM,0.066376
2022-01-03,Risk Parity,JNJ,0.109115
2022-01-03,Risk Parity,PG,0.106693
2022-01-03,Risk Parity,XOM,0.070916
2022-01-03,Risk Parity,CAT,0.073392
2022-01-03,Risk Parity,AMZN,0.095859
2022-01-03,Risk Parity,BRK-B,0.08745
2022-01-03,Risk Parity,LLY,0.089872
2022-01-03,Risk Parity,NEE,0.089088
2022-02-01,Risk Parity,AAPL,0.066239
2022-02-01,Risk Parity,MSFT,0.069056
2022-02-01,Risk Parity,GOOGL,0.075072
2022-02-01,Risk Parity,JPM,0.066284
2022-02-01,Risk Parity,JNJ,0.110098
2022-02-01,Risk Parity,PG,0.107517
2022-02-01,Risk Parity,XOM,0.071512
2022-02-01,Risk Parity,CAT,0.074236
2022-02-01,Risk Parity,AMZN,0.094255
2022-02-01,Risk Parity,BRK-B,0.087748
2022-02-01,Risk Parity,LLY,0.089992
2022-02-01,Risk Parity,NEE,0.087993
2022-03-01,Risk Parity,AAPL,0.066551
2022-03-01,Risk Parity,MSFT,0.068907
2022-03-01,Risk Parity,GOOGL,0.074537
2022-03-01,Risk Parity,JPM,0.06666
2022-03-01,Risk Parity,JNJ,0.110222
2022-03-01,Risk Parity,PG,0.108451
2022-03-01,Risk Parity,XOM,0.072269
2022-03-01,Risk Parity,CAT,0.074464
2022-03-01,Risk Parity,AMZN,0.091915
2022-03-01,Risk Parity,BRK-B,0.088087
2022-03-01,Risk Parity,LLY,0.089802
2022-03-01,Risk Parity,NEE,0.088136
2022-04-01,Risk Parity,AAPL,0.066379
2022-04-01,Risk Parity,MSFT,0.068619
2022-04-01,Risk Parity,GOOGL,0.074207
2022-04-01,Risk Parity,JPM,0.066162
2022-04-01,Risk Parity,JNJ,0.110569
2022-04-01,Risk Parity,PG,0.108031
2022-04-01,Risk Parity,XOM,0.073619
2022-04-01,Risk Parity,CAT,0.075023
2022-04-01,Risk Parity,AMZN,0.090801
2022-04-01,Risk Parity,BRK-B,0.0879
2022-04-01,Risk Parity,LLY,0.089879
2022-04-01,Risk Parity,NEE,0.088812
2022-05-02,Risk Parity,AAPL,0.066483
2022-05-02,Risk Parity,MSFT,0.068554
2022-05-02,Risk Parity,GOOGL,0.073638
2022-05-02,Risk Parity,JPM,0.066625
2022-05-02,Risk Parity,JNJ,0.111507
2022-05-02,Risk Parity,PG,0.108853
2022-05-02,Risk Parity,XOM,0.074404
2022-05-02,Risk Parity,CAT,0.075602
2022-05-02,Risk Parity,AMZN,0.086888
2022-05-02,Risk Parity,BRK-B,0.088611
2022-05-02,Risk Parity,LLY,0.090149
2022-05-02,Risk Parity,NEE,0.088687
2022-06-01,Risk Parity,AAPL,0.065673
2022-06-01,Risk Parity,MSFT,0.068477
2022-06-01,Risk Parity,GOOGL,0.073384
2022-06-01,Risk Parity,JPM,0.067129
2022-06-01,Risk Parity,JNJ,0.11341
2022-06-01,Risk Parity,PG,0.10849
2022-06-01,Risk Parity,XOM,0.07459
2022-06-01,Risk Parity,CAT,0.075641
2022-06-01,Risk Parity,AMZN,0.084673
2022-06-01,Risk Parity,BRK-B,0.089024
2022-06-01,Risk Parity,LLY,0.090623
2022-06-01,Risk Parity,NEE,0.088886
2022-07-01,Risk Parity,AAPL,0.065645
2022-07-01,Risk Parity,MSFT,0.068567
2022-07-01,Risk Parity,GOOGL,0.072856
2022-07-01,Risk Parity,JPM,0.067638
2022-07-01,Risk Parity,JNJ,0.114478
2022-07-01,Risk Parity,PG,0.109326
2022-07-01,Risk Parity,XOM,0.07507
2022-07-01,Risk Parity,CAT,0.075811
2022-07-01,Risk Parity,AMZN,0.082669
2022-07-01,Risk Parity,BRK-B,0.088656
2022-07-01,Risk Parity,LLY,0.090797
2022-07-01,Risk Parity,NEE,0.088489
2022-08-01,Risk Parity,AAPL,0.065761
2022-08-01,Risk Parity,MSFT,0.068223
2022-08-01,Risk Parity,GOOGL,0.072051
2022-08-01,Risk Parity,JPM,0.06773
2022-08-01,Risk Parity,JNJ,0.115499
2022-08-01,Risk Parity,PG,0.11082
2022-08-01,Risk Parity,XOM,0.074926
2022-08-01,Risk Parity,CAT,0.075351
2022-08-01,Risk Parity,AMZN,0.081152
2022-08-01,Risk Parity,BRK-B,0.088494
2022-08-01,Risk Parity,LLY,0.091462
2022-08-01,Risk Parity,NEE,0.088532
2022-09-01,Risk Parity,AAPL,0.065658
2022-09-01,Risk Parity,MSFT,0.068145
2022-09-01,Risk Parity,GOOGL,0.071677
2022-09-01,Risk Parity,JPM,0.067736
2022-09-01,Risk Parity,JNJ,0.116112
2022-09-01,Risk Parity,PG,0.110934
2022-09-01,Risk Parity,XOM,0.075554
2022-09-01,Risk Parity,CAT,0.075016
2022-09-01,Risk Parity,AMZN,0.08043
2022-09-01,Risk Parity,BRK-B,0.088166
2022-09-01,Risk Parity,LLY,0.091597
2022-09-01,Risk Parity,NEE,0.088973
2022-10-03,Risk Parity,AAPL,0.065739
2022-10-03,Risk Parity,MSFT,0.068283
2022-10-03,Risk Parity,GOOGL,0.071437
2022-10-03,Risk Parity,JPM,0.068102
2022-10-03,Risk Parity,JNJ,0.116795
2022-10-03,Risk Parity,PG,0.111186
2022-10-03,Risk Parity,XOM,0.075897
2022-10-03,Risk Parity,CAT,0.074795
2022-10-03,Risk Parity,AMZN,0.079419
2022-10-03,Risk Parity,BRK-B,0.088341
2022-10-03,Risk Parity,LLY,0.091157
2022-10-03,Risk Parity,NEE,0.088849
2022-11-01,Risk Parity,AAPL,0.065496
2022-11-01,Risk Parity,MSFT,0.067624
2022-11-01,Risk Parity,GOOGL,0.07118
2022-11-01,Risk Parity,JPM,0.068068
2022-11-01,Risk Parity,JNJ,0.117949
2022-11-01,Risk Parity,PG,0.111569
2022-11-01,Risk Parity,XOM,0.076329
2022-11-01,Risk Parity,CAT,0.074631
2022-11-01,Risk Parity,AMZN,0.079337
2022-11-01,Risk Parity,BRK-B,0.087737
2022-11-01,Risk Parity,LLY,0.092052
2022-11-01,Risk Parity,NEE,0.088026
2022-12-01,Risk Parity,AAPL,0.06491
2022-12-01,Risk Parity,MSFT,0.066905
2022-12-01,Risk Parity,GOOGL,0.070231
2022-12-01,Risk Parity,JPM,0.068602
2022-12-01,Risk Parity,JNJ,0.119321
2022-12-01,Risk Parity,PG,0.111527
2022-12-01,Risk Parity,XOM,0.076838
2022-12-01,Risk Parity,CAT,0.075166
2022-12-01,Risk Parity,AMZN,0.077428
2022-12-01,Risk Parity,BRK-B,0.087649
2022-12-01,Risk Parity,LLY,0.093496
2022-12-01,Risk Parity,NEE,0.087926
2023-01-03,Risk Parity,AAPL,0.06471
2023-01-03,Risk Parity,MSFT,0.06676
2023-01-03,Risk Parity,GOOGL,0.0701
2023-01-03,Risk Parity,JPM,0.068892
2023-01-03,Risk Parity,JNJ,0.119541
2023-01-03,Risk Parity,PG,0.112082
2023-01-03,Risk Parity,XOM,0.076738
2023-01-03,Risk Parity,CAT,0.075162
2023-01-03,Risk Parity,AMZN,0.076779
2023-01-03,Risk Parity,BRK-B,0.087545
2023-01-03,Risk Parity,LLY,0.093693
2023-01-03,Risk Parity,NEE,0.087997
2023-02-01,Risk Parity,AAPL,0.064793
2023-02-01,Risk Parity,MSFT,0.066676
2023-02-01,Risk Parity,GOOGL,0.070058
2023-02-01,Risk Parity,JPM,0.069018
2023-02-01,Risk Parity,JNJ,0.11957
2023-02-01,Risk Parity,PG,0.112082
2023-02-01,Risk Parity,XOM,0.076763
2023-02-01,Risk Parity,CAT,0.075237
2023-02-01,Risk Parity,AMZN,0.076358
2023-02-01,Risk Parity,BRK-B,0.087641
2023-02-01,Risk Parity,LLY,0.093841
2023-02-01,Risk Parity,NEE,0.087963
2023-03-01,Risk Parity,AAPL,0.064819
2023-03-01,Risk Parity,MSFT,0.066481
2023-03-01,Risk Parity,GOOGL,0.069392
2023-03-01,Risk Parity,JPM,0.069274
2023-03-01,Risk Parity,JNJ,0.119536
2023-03-01,Risk Parity,PG,0.112353
2023-03-01,Risk Parity,XOM,0.077102
2023-03-01,Risk Parity,CAT,0.075525
2023-03-01,Risk Parity,AMZN,0.075872
2023-03-01,Risk Parity,BRK-B,0.087737
2023-03-01,Risk Parity,LLY,0.094207
2023-03-01,Risk Parity,NEE,0.087702
2023-04-03,Risk Parity,AAPL,0.064835
2023-04-03,Risk Parity,MSFT,0.066648
2023-04-03,Risk Parity,GOOGL,0.069286
2023-04-03,Risk Parity,JPM,0.069094
2023-04-03,Risk Parity,JNJ,0.119627
2023-04-03,Risk Parity,PG,0.112622
2023-04-03,Risk Parity,XOM,0.077119
2023-04-03,Risk Parity,CAT,0.075198
2023-04-03,Risk Parity,AMZN,0.075667
2023-04-03,Risk Parity,BRK-B,0.087514
2023-04-03,Risk Parity,LLY,0.094675
2023-04-03,Risk Parity,NEE,0.087715
2023-05-01,Risk Parity,AAPL,0.064885
2023-05-01,Risk Parity,MSFT,0.066829
2023-05-01,Risk Parity,GOOGL,0.069137
2023-05-01,Risk Parity,JPM,0.069158
2023-05-01,Risk Parity,JNJ,0.119689
2023-05-01,Risk Parity,PG,0.112661
2023-05-01,Risk Parity,XOM,0.077112
2023-05-01,Risk Parity,CAT,0.075537
2023-05-01,Risk Parity,AMZN,0.07547
2023-05-01,Risk Parity,BRK-B,0.0876
2023-05-01,Risk Parity,LLY,0.094298
2023-05-01,Risk Parity,NEE,0.087624
2023-06-01,Risk Parity,AAPL,0.06481
2023-06-01,Risk Parity,MSFT,0.066857
2023-06-01,Risk Parity,GOOGL,0.069102
2023-06-01,Risk Parity,JPM,0.069096
2023-06-01,Risk Parity,JNJ,0.119993
2023-06-01,Risk Parity,PG,0.112677
2023-06-01,Risk Parity,XOM,0.077022
2023-06-01,Risk Parity,CAT,0.075402
2023-06-01,Risk Parity,AMZN,0.075416
2023-06-01,Risk Parity,BRK-B,0.087582
2023-06-01,Risk Parity,LLY,0.094335
2023-06-01,Risk Parity,NEE,0.087707
2023-07-03,Risk Parity,AAPL,0.064908
2023-07-03,Risk Parity,MSFT,0.066787
2023-07-03,Risk Parity,GOOGL,0.069213
2023-07-03,Risk Parity,JPM,0.069212
2023-07-03,Risk Parity,JNJ,0.12001
2023-07-03,Risk Parity,PG,0.112567
2023-07-03,Risk Parity,XOM,0.077179
2023-07-03,Risk Parity,CAT,0.075034
2023-07-03,Risk Parity,AMZN,0.075297
2023-07-03,Risk Parity,BRK-B,0.087662
2023-07-03,Risk Parity,LLY,0.094232
2023-07-03,Risk Parity,NEE,0.087901
2023-08-01,Risk Parity,AAPL,0.065019
2023-08-01,Risk Parity,MSFT,0.066798
2023-08-01,Risk Parity,GOOGL,0.069223
2023-08-01,Risk Parity,JPM,0.069283
2023-08-01,Risk Parity,JNJ,0.119668
2023-08-01,Risk Parity,PG,0.112389
2023-08-01,Risk Parity,XOM,0.077253
2023-08-01,Risk Parity,CAT,0.075143
2023-08-01,Risk Parity,AMZN,0.075365
2023-08-01,Risk Parity,BRK-B,0.087825
2023-08-01,Risk Parity,LLY,0.09424
2023-08-01,Risk Parity,NEE,0.087792
2023-09-01,Risk Parity,AAPL,0.065021
2023-09-01,Risk Parity,MSFT,0.066897
2023-09-01,Risk Parity,GOOGL,0.069159
2023-09-01,Risk Parity,JPM,0.069403
2023-09-01,Risk Parity,JNJ,0.119803
2023-09-01,Risk Parity,PG,0.112508
2023-09-01,Risk Parity,XOM,0.077342
2023-09-01,Risk Parity,CAT,0.074971
2023-09-01,Risk Parity,AMZN,0.075395
2023-09-01,Risk Parity,BRK-B,0.087805
2023-09-01,Risk Parity,LLY,0.09375
2023-09-01,Risk Parity,NEE,0.087944
2023-10-02,Risk Parity,AAPL,0.065119
2023-10-02,Risk Parity,MSFT,0.067021
2023-10-02,Risk Parity,GOOGL,0.069205
2023-10-02,Risk Parity,JPM,0.069612
2023-10-02,Risk Parity,JNJ,0.119836
2023-10-02,Risk Parity,PG,0.11253
2023-10-02,Risk Parity,XOM,0.07758
2023-10-02,Risk Parity,CAT,0.07501
2023-10-02,Risk Parity,AMZN,0.075002
2023-10-02,Risk Parity,BRK-B,0.087957
2023-10-02,Risk Parity,LLY,0.093535
2023-10-02,Risk Parity,NEE,0.087592
2023-11-01,Risk Parity,AAPL,0.065353
2023-11-01,Risk Parity,MSFT,0.067215
2023-11-01,Risk Parity,GOOGL,0.068991
2023-11-01,Risk Parity,JPM,0.069731
2023-11-01,Risk Parity,JNJ,0.120064
2023-11-01,Risk Parity,PG,0.113027
2023-11-01,Risk Parity,XOM,0.078006
2023-11-01,Risk Parity,CAT,0.074705
2023-11-01,Risk Parity,AMZN,0.074857
2023-11-01,Risk Parity,BRK-B,0.088103
2023-11-01,Risk Parity,LLY,0.092869
2023-11-01,Risk Parity,NEE,0.087078
2023-12-01,Risk Parity,AAPL,0.065394
2023-12-01,Risk Parity,MSFT,0.067288
2023-12-01,Risk Parity,GOOGL,0.069092
2023-12-01,Risk Parity,JPM,0.069819
2023-12-01,Risk Parity,JNJ,0.120193
2023-12-01,Risk Parity,PG,0.113312
2023-12-01,Risk Parity,XOM,0.078104
2023-12-01,Risk Parity,CAT,0.074647
2023-12-01,Risk Parity,AMZN,0.07482
2023-12-01,Risk Parity,BRK-B,0.088321
2023-12-01,Risk Parity,LLY,0.092341
2023-12-01,Risk Parity,NEE,0.08667
2024-01-02,Risk Parity,AAPL,0.06548
2024-01-02,Risk Parity,MSFT,0.067419
2024-01-02,Risk Parity,GOOGL,0.069199
2024-01-02,Risk Parity,JPM,0.069933
2024-01-02,Risk Parity,JNJ,0.120136
2024-01-02,Risk Parity,PG,0.113131
2024-01-02,Risk Parity,XOM,0.078122
2024-01-02,Risk Parity,CAT,0.074641
2024-01-02,Risk Parity,AMZN,0.074803
2024-01-02,Risk Parity,BRK-B,0.088377
2024-01-02,Risk Parity,LLY,0.092271
2024-01-02,Risk Parity,NEE,0.086489
2024-02-01,Risk Parity,AAPL,0.065565
2024-02-01,Risk Parity,MSFT,0.06747
2024-02-01,Risk Parity,GOOGL,0.068881
2024-02-01,Risk Parity,JPM,0.070081
2024-02-01,Risk Parity,JNJ,0.120425
2024-02-01,Risk Parity,PG,0.113161
2024-02-01,Risk Parity,XOM,0.078079
2024-02-01,Risk Parity,CAT,0.074555
2024-02-01,Risk Parity,AMZN,0.074734
2024-02-01,Risk Parity,BRK-B,0.088348
2024-02-01,Risk Parity,LLY,0.092378
2024-02-01,Risk Parity,NEE,0.086322
2024-03-01,Risk Parity,AAPL,0.065698
2024-03-01,Risk Parity,MSFT,0.06745
2024-03-01,Risk Parity,GOOGL,0.068885
2024-03-01,Risk Parity,JPM,0.070181
2024-03-01,Risk Parity,JNJ,0.120593
2024-03-01,Risk Parity,PG,0.113374
2024-03-01,Risk Parity,XOM,0.078247
2024-03-01,Risk Parity,CAT,0.07437
2024-03-01,Risk Parity,AMZN,0.074474
2024-03-01,Risk Parity,BRK-B,0.088307
2024-03-01,Risk Parity,LLY,0.092236
2024-03-01,Risk Parity,NEE,0.086187
2024-04-01,Risk Parity,AAPL,0.065644
2024-04-01,Risk Parity,MSFT,0.067422
2024-04-01,Risk Parity,GOOGL,0.068856
2024-04-01,Risk Parity,JPM,0.070282
2024-04-01,Risk Parity,JNJ,0.120763
2024-04-01,Risk Parity,PG,0.113494
2024-04-01,Risk Parity,XOM,0.078309
2024-04-01,Risk Parity,CAT,0.074324
2024-04-01,Risk Parity,AMZN,0.074399
2024-04-01,Risk Parity,BRK-B,0.088346
2024-04-01,Risk Parity,LLY,0.092144
2024-04-01,Risk Parity,NEE,0.086018
2024-05-01,Risk Parity,AAPL,0.065781
2024-05-01,Risk Parity,MSFT,0.067355
2024-05-01,Risk Parity,GOOGL,0.068707
2024-05-01,Risk Parity,JPM,0.070171
2024-05-01,Risk Parity,JNJ,0.120569
2024-05-01,Risk Parity,PG,0.113879
2024-05-01,Risk Parity,XOM,0.078574
2024-05-01,Risk Parity,CAT,0.073901
2024-05-01,Risk Parity,AMZN,0.074199
2024-05-01,Risk Parity,BRK-B,0.088469
2024-05-01,Risk Parity,LLY,0.092295
2024-05-01,Risk Parity,NEE,0.0861
2024-06-03,Risk Parity,AAPL,0.065817
2024-06-03,Risk Parity,MSFT,0.067431
2024-06-03,Risk Parity,GOOGL,0.068765
2024-06-03,Risk Parity,JPM,0.070202
2024-06-03,Risk Parity,JNJ,0.120363
2024-06-03,Risk Parity,PG,0.113945
2024-06-03,Risk Parity,XOM,0.078586
2024-06-03,Risk Parity,CAT,0.073933
2024-06-03,Risk Parity,AMZN,0.074294
2024-06-03,Risk Parity,BRK-B,0.088475
2024-06-03,Risk Parity,LLY,0.092381
2024-06-03,Risk Parity,NEE,0.085808
2024-07-01,Risk Parity,AAPL,0.065946
2024-07-01,Risk Parity,MSFT,0.067476
2024-07-01,Risk Parity,GOOGL,0.068787
2024-07-01,Risk Parity,JPM,0.070244
2024-07-01,Risk Parity,JNJ,0.120406
2024-07-01,Risk Parity,PG,0.113983
2024-07-01,Risk Parity,XOM,0.078517
2024-07-01,Risk Parity,CAT,0.073979
2024-07-01,Risk Parity,AMZN,0.074207
2024-07-01,Risk Parity,BRK-B,0.088513
2024-07-01,Risk Parity,LLY,0.092445
2024-07-01,Risk Parity,NEE,0.085498
2024-08-01,Risk Parity,AAPL,0.065852
2024-08-01,Risk Parity,MSFT,0.067424
2024-08-01,Risk Parity,GOOGL,0.068668
2024-08-01,Risk Parity,JPM,0.070269
2024-08-01,Risk Parity,JNJ,0.120793
2024-08-01,Risk Parity,PG,0.113888
2024-08-01,Risk Parity,XOM,0.078834
2024-08-01,Risk Parity,CAT,0.073936
2024-08-01,Risk Parity,AMZN,0.074122
2024-08-01,Risk Parity,BRK-B,0.088547
2024-08-01,Risk Parity,LLY,0.091969
2024-08-01,Risk Parity,NEE,0.085696
2024-09-03,Risk Parity,AAPL,0.06594
2024-09-03,Risk Parity,MSFT,0.067515
2024-09-03,Risk Parity,GOOGL,0.068613
2024-09-03,Risk Parity,JPM,0.070272
2024-09-03,Risk Parity,JNJ,0.121403
2024-09-03,Risk Parity,PG,0.114557
2024-09-03,Risk Parity,XOM,0.079079
2024-09-03,Risk Parity,CAT,0.073874
2024-09-03,Risk Parity,AMZN,0.073577
2024-09-03,Risk Parity,BRK-B,0.088472
2024-09-03,Risk Parity,LLY,0.090796
2024-09-03,Risk Parity,NEE,0.085902
2024-10-01,Risk Parity,AAPL,0.065972
2024-10-01,Risk Parity,MSFT,0.067517
2024-10-01,Risk Parity,GOOGL,0.068486
2024-10-01,Risk Parity,JPM,0.07015
2024-10-01,Risk Parity,JNJ,0.121524
2024-10-01,Risk Parity,PG,0.115056
2024-10-01,Risk Parity,XOM,0.078946
2024-10-01,Risk Parity,CAT,0.073597
2024-10-01,Risk Parity,AMZN,0.073509
2024-10-01,Risk Parity,BRK-B,0.088529
2024-10-01,Risk Parity,LLY,0.090661
2024-10-01,Risk Parity,NEE,0.086053
2024-11-01,Risk Parity,AAPL,0.06599
2024-11-01,Risk Parity,MSFT,0.067475
2024-11-01,Risk Parity,GOOGL,0.068663
2024-11-01,Risk Parity,JPM,0.070063
2024-11-01,Risk Parity,JNJ,0.121638
2024-11-01,Risk Parity,PG,0.115021
2024-11-01,Risk Parity,XOM,0.079206
2024-11-01,Risk Parity,CAT,0.07364
2024-11-01,Risk Parity,AMZN,0.073416
2024-11-01,Risk Parity,BRK-B,0.088475
2024-11-01,Risk Parity,LLY,0.0905
2024-11-01,Risk Parity,NEE,0.085913
2024-12-02,Risk Parity,AAPL,0.066072
2024-12-02,Risk Parity,MSFT,0.067439
2024-12-02,Risk Parity,GOOGL,0.068627
2024-12-02,Risk Parity,JPM,0.069805
2024-12-02,Risk Parity,JNJ,0.121837
2024-12-02,Risk Parity,PG,0.115339
2024-12-02,Risk Parity,XOM,0.079415
2024-12-02,Risk Parity,CAT,0.073368
2024-12-02,Risk Parity,AMZN,0.073164
2024-12-02,Risk Parity,BRK-B,0.088277
2024-12-02,Risk Parity,LLY,0.090335
2024-12-02,Risk Parity,NEE,0.086323
